taxa_name,latitude,longitude,year,date,precip_mm
A_ananaeceps,-41.1141,146.0731,2000,2000-02-13,0.0
A_ananaeceps,-41.1141,146.0731,2000,2000-02-14,0.0
A_ananaeceps,-41.1141,146.0731,2000,2000-02-15,0.0
A_ananaeceps,-41.1141,146.0731,2000,2000-02-16,0.0
A_ananaeceps,-41.1141,146.0731,2000,2000-02-17,0.0
A_ananaeceps,-41.1141,146.0731,2000,2000-02-18,0.0
A_ananaeceps,-41.1141,146.0731,2000,2000-02-19,0.0
A_ananaeceps,-41.1141,146.0731,2000,2000-02-20,1.3
A_ananaeceps,-41.1141,146.0731,2000,2000-02-21,0.0
A_ananaeceps,-41.1141,146.0731,2000,2000-02-22,13.7
A_ananaeceps,-41.1141,146.0731,2000,2000-02-23,13.3
A_ananaeceps,-41.1141,146.0731,2000,2000-02-24,0.0
A_ananaeceps,-41.1141,146.0731,2000,2000-02-25,0.0
A_ananaeceps,-41.1141,146.0731,2000,2000-02-26,5.4
A_ananaeceps,-41.1141,146.0731,2000,2000-02-27,0.0
A_ananaeceps,-41.1141,146.0731,2000,2000-02-28,0.0
A_ananaeceps,-41.1141,146.0731,2000,2000-02-29,0.0
A_ananaeceps,-41.1141,146.0731,2000,2000-03-01,0.0
A_ananaeceps,-41.1141,146.0731,2000,2000-03-02,0.0
A_ananaeceps,-41.1141,146.0731,2000,2000-03-03,0.4
A_ananaeceps,-41.1141,146.0731,2000,2000-03-04,0.0
A_ananaeceps,-41.1141,146.0731,2000,2000-03-05,0.0
A_ananaeceps,-41.1141,146.0731,2000,2000-03-06,0.0
A_ananaeceps,-41.1141,146.0731,2000,2000-03-07,0.0
A_ananaeceps,-41.1141,146.0731,2000,2000-03-08,0.0
A_ananaeceps,-41.1141,146.0731,2000,2000-03-09,0.0
A_ananaeceps,-41.1141,146.0731,2000,2000-03-10,0.0
A_ananaeceps,-41.1141,146.0731,2000,2000-03-11,0.0
A_ananaeceps,-41.1141,146.0731,2000,2000-03-12,0.0
A_ananaeceps,-41.1141,146.0731,2000,2000-03-13,23.3
A_ananaeceps,-41.1141,146.0731,2000,2000-03-14,0.0
A_ananaeceps,-41.1141,146.0731,2000,2000-03-15,0.0
A_ananaeceps,-41.1141,146.0731,2001,2001-02-13,4.0
A_ananaeceps,-41.1141,146.0731,2001,2001-02-14,0.0
A_ananaeceps,-41.1141,146.0731,2001,2001-02-15,0.0
A_ananaeceps,-41.1141,146.0731,2001,2001-02-16,0.0
A_ananaeceps,-41.1141,146.0731,2001,2001-02-17,0.0
A_ananaeceps,-41.1141,146.0731,2001,2001-02-18,0.0
A_ananaeceps,-41.1141,146.0731,2001,2001-02-19,0.5
A_ananaeceps,-41.1141,146.0731,2001,2001-02-20,0.0
A_ananaeceps,-41.1141,146.0731,2001,2001-02-21,0.0
A_ananaeceps,-41.1141,146.0731,2001,2001-02-22,1.6
A_ananaeceps,-41.1141,146.0731,2001,2001-02-23,1.5
A_ananaeceps,-41.1141,146.0731,2001,2001-02-24,0.0
A_ananaeceps,-41.1141,146.0731,2001,2001-02-25,0.6
A_ananaeceps,-41.1141,146.0731,2001,2001-02-26,0.0
A_ananaeceps,-41.1141,146.0731,2001,2001-02-27,0.0
A_ananaeceps,-41.1141,146.0731,2001,2001-02-28,0.3
A_ananaeceps,-41.1141,146.0731,2001,2001-03-01,0.0
A_ananaeceps,-41.1141,146.0731,2001,2001-03-02,0.0
A_ananaeceps,-41.1141,146.0731,2001,2001-03-03,0.0
A_ananaeceps,-41.1141,146.0731,2001,2001-03-04,0.0
A_ananaeceps,-41.1141,146.0731,2001,2001-03-05,0.0
A_ananaeceps,-41.1141,146.0731,2001,2001-03-06,0.0
A_ananaeceps,-41.1141,146.0731,2001,2001-03-07,0.1
A_ananaeceps,-41.1141,146.0731,2001,2001-03-08,0.1
A_ananaeceps,-41.1141,146.0731,2001,2001-03-09,1.6
A_ananaeceps,-41.1141,146.0731,2001,2001-03-10,2.1
A_ananaeceps,-41.1141,146.0731,2001,2001-03-11,0.0
A_ananaeceps,-41.1141,146.0731,2001,2001-03-12,3.7
A_ananaeceps,-41.1141,146.0731,2001,2001-03-13,0.0
A_ananaeceps,-41.1141,146.0731,2001,2001-03-14,0.0
A_ananaeceps,-41.1141,146.0731,2001,2001-03-15,0.0
A_ananaeceps,-41.1141,146.0731,2002,2002-02-13,0.0
A_ananaeceps,-41.1141,146.0731,2002,2002-02-14,0.0
A_ananaeceps,-41.1141,146.0731,2002,2002-02-15,2.5
A_ananaeceps,-41.1141,146.0731,2002,2002-02-16,1.9
A_ananaeceps,-41.1141,146.0731,2002,2002-02-17,0.0
A_ananaeceps,-41.1141,146.0731,2002,2002-02-18,0.0
A_ananaeceps,-41.1141,146.0731,2002,2002-02-19,0.1
A_ananaeceps,-41.1141,146.0731,2002,2002-02-20,14.3
A_ananaeceps,-41.1141,146.0731,2002,2002-02-21,0.8
A_ananaeceps,-41.1141,146.0731,2002,2002-02-22,0.0
A_ananaeceps,-41.1141,146.0731,2002,2002-02-23,0.0
A_ananaeceps,-41.1141,146.0731,2002,2002-02-24,0.0
A_ananaeceps,-41.1141,146.0731,2002,2002-02-25,0.0
A_ananaeceps,-41.1141,146.0731,2002,2002-02-26,0.0
A_ananaeceps,-41.1141,146.0731,2002,2002-02-27,0.0
A_ananaeceps,-41.1141,146.0731,2002,2002-02-28,0.1
A_ananaeceps,-41.1141,146.0731,2002,2002-03-01,0.0
A_ananaeceps,-41.1141,146.0731,2002,2002-03-02,0.0
A_ananaeceps,-41.1141,146.0731,2002,2002-03-03,0.0
A_ananaeceps,-41.1141,146.0731,2002,2002-03-04,0.0
A_ananaeceps,-41.1141,146.0731,2002,2002-03-05,0.0
A_ananaeceps,-41.1141,146.0731,2002,2002-03-06,0.0
A_ananaeceps,-41.1141,146.0731,2002,2002-03-07,0.0
A_ananaeceps,-41.1141,146.0731,2002,2002-03-08,0.0
A_ananaeceps,-41.1141,146.0731,2002,2002-03-09,0.1
A_ananaeceps,-41.1141,146.0731,2002,2002-03-10,0.0
A_ananaeceps,-41.1141,146.0731,2002,2002-03-11,2.8
A_ananaeceps,-41.1141,146.0731,2002,2002-03-12,0.0
A_ananaeceps,-41.1141,146.0731,2002,2002-03-13,0.0
A_ananaeceps,-41.1141,146.0731,2002,2002-03-14,0.0
A_ananaeceps,-41.1141,146.0731,2002,2002-03-15,0.0
A_ananaeceps,-41.1141,146.0731,2003,2003-02-13,0.0
A_ananaeceps,-41.1141,146.0731,2003,2003-02-14,0.0
A_ananaeceps,-41.1141,146.0731,2003,2003-02-15,0.0
A_ananaeceps,-41.1141,146.0731,2003,2003-02-16,0.2
A_ananaeceps,-41.1141,146.0731,2003,2003-02-17,0.0
A_ananaeceps,-41.1141,146.0731,2003,2003-02-18,0.0
A_ananaeceps,-41.1141,146.0731,2003,2003-02-19,0.0
A_ananaeceps,-41.1141,146.0731,2003,2003-02-20,0.0
A_ananaeceps,-41.1141,146.0731,2003,2003-02-21,1.0
A_ananaeceps,-41.1141,146.0731,2003,2003-02-22,0.2
A_ananaeceps,-41.1141,146.0731,2003,2003-02-23,0.0
A_ananaeceps,-41.1141,146.0731,2003,2003-02-24,1.0
A_ananaeceps,-41.1141,146.0731,2003,2003-02-25,0.0
A_ananaeceps,-41.1141,146.0731,2003,2003-02-26,0.0
A_ananaeceps,-41.1141,146.0731,2003,2003-02-27,0.0
A_ananaeceps,-41.1141,146.0731,2003,2003-02-28,0.9
A_ananaeceps,-41.1141,146.0731,2003,2003-03-01,0.2
A_ananaeceps,-41.1141,146.0731,2003,2003-03-02,0.0
A_ananaeceps,-41.1141,146.0731,2003,2003-03-03,0.0
A_ananaeceps,-41.1141,146.0731,2003,2003-03-04,0.0
A_ananaeceps,-41.1141,146.0731,2003,2003-03-05,0.0
A_ananaeceps,-41.1141,146.0731,2003,2003-03-06,0.0
A_ananaeceps,-41.1141,146.0731,2003,2003-03-07,0.0
A_ananaeceps,-41.1141,146.0731,2003,2003-03-08,5.1
A_ananaeceps,-41.1141,146.0731,2003,2003-03-09,0.0
A_ananaeceps,-41.1141,146.0731,2003,2003-03-10,0.0
A_ananaeceps,-41.1141,146.0731,2003,2003-03-11,0.0
A_ananaeceps,-41.1141,146.0731,2003,2003-03-12,0.0
A_ananaeceps,-41.1141,146.0731,2003,2003-03-13,0.0
A_ananaeceps,-41.1141,146.0731,2003,2003-03-14,0.0
A_ananaeceps,-41.1141,146.0731,2003,2003-03-15,0.9
A_ananaeceps,-41.1141,146.0731,2004,2004-02-13,0.0
A_ananaeceps,-41.1141,146.0731,2004,2004-02-14,0.8
A_ananaeceps,-41.1141,146.0731,2004,2004-02-15,2.6
A_ananaeceps,-41.1141,146.0731,2004,2004-02-16,0.0
A_ananaeceps,-41.1141,146.0731,2004,2004-02-17,0.0
A_ananaeceps,-41.1141,146.0731,2004,2004-02-18,0.0
A_ananaeceps,-41.1141,146.0731,2004,2004-02-19,0.0
A_ananaeceps,-41.1141,146.0731,2004,2004-02-20,2.6
A_ananaeceps,-41.1141,146.0731,2004,2004-02-21,0.0
A_ananaeceps,-41.1141,146.0731,2004,2004-02-22,0.6
A_ananaeceps,-41.1141,146.0731,2004,2004-02-23,0.0
A_ananaeceps,-41.1141,146.0731,2004,2004-02-24,0.0
A_ananaeceps,-41.1141,146.0731,2004,2004-02-25,0.0
A_ananaeceps,-41.1141,146.0731,2004,2004-02-26,0.7
A_ananaeceps,-41.1141,146.0731,2004,2004-02-27,0.0
A_ananaeceps,-41.1141,146.0731,2004,2004-02-28,3.1
A_ananaeceps,-41.1141,146.0731,2004,2004-02-29,0.9
A_ananaeceps,-41.1141,146.0731,2004,2004-03-01,0.0
A_ananaeceps,-41.1141,146.0731,2004,2004-03-02,0.0
A_ananaeceps,-41.1141,146.0731,2004,2004-03-03,0.0
A_ananaeceps,-41.1141,146.0731,2004,2004-03-04,0.0
A_ananaeceps,-41.1141,146.0731,2004,2004-03-05,0.0
A_ananaeceps,-41.1141,146.0731,2004,2004-03-06,7.3
A_ananaeceps,-41.1141,146.0731,2004,2004-03-07,1.1
A_ananaeceps,-41.1141,146.0731,2004,2004-03-08,3.0
A_ananaeceps,-41.1141,146.0731,2004,2004-03-09,1.8
A_ananaeceps,-41.1141,146.0731,2004,2004-03-10,0.0
A_ananaeceps,-41.1141,146.0731,2004,2004-03-11,0.0
A_ananaeceps,-41.1141,146.0731,2004,2004-03-12,0.0
A_ananaeceps,-41.1141,146.0731,2004,2004-03-13,0.0
A_ananaeceps,-41.1141,146.0731,2004,2004-03-14,0.0
A_ananaeceps,-41.1141,146.0731,2004,2004-03-15,0.0
A_ananaeceps,-41.1141,146.0731,2005,2005-02-13,0.0
A_ananaeceps,-41.1141,146.0731,2005,2005-02-14,0.1
A_ananaeceps,-41.1141,146.0731,2005,2005-02-15,2.5
A_ananaeceps,-41.1141,146.0731,2005,2005-02-16,0.0
A_ananaeceps,-41.1141,146.0731,2005,2005-02-17,0.0
A_ananaeceps,-41.1141,146.0731,2005,2005-02-18,5.0
A_ananaeceps,-41.1141,146.0731,2005,2005-02-19,0.0
A_ananaeceps,-41.1141,146.0731,2005,2005-02-20,0.0
A_ananaeceps,-41.1141,146.0731,2005,2005-02-21,0.0
A_ananaeceps,-41.1141,146.0731,2005,2005-02-22,0.0
A_ananaeceps,-41.1141,146.0731,2005,2005-02-23,0.4
A_ananaeceps,-41.1141,146.0731,2005,2005-02-24,0.5
A_ananaeceps,-41.1141,146.0731,2005,2005-02-25,0.0
A_ananaeceps,-41.1141,146.0731,2005,2005-02-26,0.0
A_ananaeceps,-41.1141,146.0731,2005,2005-02-27,0.0
A_ananaeceps,-41.1141,146.0731,2005,2005-02-28,0.0
A_ananaeceps,-41.1141,146.0731,2005,2005-03-01,1.9
A_ananaeceps,-41.1141,146.0731,2005,2005-03-02,0.0
A_ananaeceps,-41.1141,146.0731,2005,2005-03-03,0.0
A_ananaeceps,-41.1141,146.0731,2005,2005-03-04,0.1
A_ananaeceps,-41.1141,146.0731,2005,2005-03-05,5.5
A_ananaeceps,-41.1141,146.0731,2005,2005-03-06,0.0
A_ananaeceps,-41.1141,146.0731,2005,2005-03-07,0.0
A_ananaeceps,-41.1141,146.0731,2005,2005-03-08,0.0
A_ananaeceps,-41.1141,146.0731,2005,2005-03-09,0.0
A_ananaeceps,-41.1141,146.0731,2005,2005-03-10,0.0
A_ananaeceps,-41.1141,146.0731,2005,2005-03-11,0.0
A_ananaeceps,-41.1141,146.0731,2005,2005-03-12,0.0
A_ananaeceps,-41.1141,146.0731,2005,2005-03-13,0.0
A_ananaeceps,-41.1141,146.0731,2005,2005-03-14,0.0
A_ananaeceps,-41.1141,146.0731,2005,2005-03-15,0.2
A_ananaeceps,-41.1141,146.0731,2006,2006-02-13,0.0
A_ananaeceps,-41.1141,146.0731,2006,2006-02-14,0.0
A_ananaeceps,-41.1141,146.0731,2006,2006-02-15,0.0
A_ananaeceps,-41.1141,146.0731,2006,2006-02-16,0.0
A_ananaeceps,-41.1141,146.0731,2006,2006-02-17,0.3
A_ananaeceps,-41.1141,146.0731,2006,2006-02-18,0.0
A_ananaeceps,-41.1141,146.0731,2006,2006-02-19,0.0
A_ananaeceps,-41.1141,146.0731,2006,2006-02-20,0.0
A_ananaeceps,-41.1141,146.0731,2006,2006-02-21,0.0
A_ananaeceps,-41.1141,146.0731,2006,2006-02-22,0.8
A_ananaeceps,-41.1141,146.0731,2006,2006-02-23,0.5
A_ananaeceps,-41.1141,146.0731,2006,2006-02-24,0.0
A_ananaeceps,-41.1141,146.0731,2006,2006-02-25,2.5
A_ananaeceps,-41.1141,146.0731,2006,2006-02-26,0.0
A_ananaeceps,-41.1141,146.0731,2006,2006-02-27,0.0
A_ananaeceps,-41.1141,146.0731,2006,2006-02-28,0.0
A_ananaeceps,-41.1141,146.0731,2006,2006-03-01,0.0
A_ananaeceps,-41.1141,146.0731,2006,2006-03-02,0.0
A_ananaeceps,-41.1141,146.0731,2006,2006-03-03,0.0
A_ananaeceps,-41.1141,146.0731,2006,2006-03-04,0.0
A_ananaeceps,-41.1141,146.0731,2006,2006-03-05,0.3
A_ananaeceps,-41.1141,146.0731,2006,2006-03-06,0.0
A_ananaeceps,-41.1141,146.0731,2006,2006-03-07,0.0
A_ananaeceps,-41.1141,146.0731,2006,2006-03-08,0.0
A_ananaeceps,-41.1141,146.0731,2006,2006-03-09,0.0
A_ananaeceps,-41.1141,146.0731,2006,2006-03-10,0.0
A_ananaeceps,-41.1141,146.0731,2006,2006-03-11,0.7
A_ananaeceps,-41.1141,146.0731,2006,2006-03-12,2.2
A_ananaeceps,-41.1141,146.0731,2006,2006-03-13,9.1
A_ananaeceps,-41.1141,146.0731,2006,2006-03-14,0.0
A_ananaeceps,-41.1141,146.0731,2006,2006-03-15,1.2
A_ananaeceps,-41.1141,146.0731,2007,2007-02-13,0.0
A_ananaeceps,-41.1141,146.0731,2007,2007-02-14,0.0
A_ananaeceps,-41.1141,146.0731,2007,2007-02-15,0.0
A_ananaeceps,-41.1141,146.0731,2007,2007-02-16,0.0
A_ananaeceps,-41.1141,146.0731,2007,2007-02-17,0.0
A_ananaeceps,-41.1141,146.0731,2007,2007-02-18,5.2
A_ananaeceps,-41.1141,146.0731,2007,2007-02-19,1.5
A_ananaeceps,-41.1141,146.0731,2007,2007-02-20,0.0
A_ananaeceps,-41.1141,146.0731,2007,2007-02-21,0.1
A_ananaeceps,-41.1141,146.0731,2007,2007-02-22,1.1
A_ananaeceps,-41.1141,146.0731,2007,2007-02-23,0.5
A_ananaeceps,-41.1141,146.0731,2007,2007-02-24,0.0
A_ananaeceps,-41.1141,146.0731,2007,2007-02-25,4.0
A_ananaeceps,-41.1141,146.0731,2007,2007-02-26,0.0
A_ananaeceps,-41.1141,146.0731,2007,2007-02-27,0.2
A_ananaeceps,-41.1141,146.0731,2007,2007-02-28,2.7
A_ananaeceps,-41.1141,146.0731,2007,2007-03-01,0.1
A_ananaeceps,-41.1141,146.0731,2007,2007-03-02,0.0
A_ananaeceps,-41.1141,146.0731,2007,2007-03-03,0.9
A_ananaeceps,-41.1141,146.0731,2007,2007-03-04,0.0
A_ananaeceps,-41.1141,146.0731,2007,2007-03-05,0.0
A_ananaeceps,-41.1141,146.0731,2007,2007-03-06,0.0
A_ananaeceps,-41.1141,146.0731,2007,2007-03-07,0.0
A_ananaeceps,-41.1141,146.0731,2007,2007-03-08,0.0
A_ananaeceps,-41.1141,146.0731,2007,2007-03-09,0.0
A_ananaeceps,-41.1141,146.0731,2007,2007-03-10,0.0
A_ananaeceps,-41.1141,146.0731,2007,2007-03-11,0.0
A_ananaeceps,-41.1141,146.0731,2007,2007-03-12,0.0
A_ananaeceps,-41.1141,146.0731,2007,2007-03-13,0.0
A_ananaeceps,-41.1141,146.0731,2007,2007-03-14,0.0
A_ananaeceps,-41.1141,146.0731,2007,2007-03-15,2.5
A_ananaeceps,-41.1141,146.0731,2008,2008-02-13,0.0
A_ananaeceps,-41.1141,146.0731,2008,2008-02-14,0.0
A_ananaeceps,-41.1141,146.0731,2008,2008-02-15,0.0
A_ananaeceps,-41.1141,146.0731,2008,2008-02-16,0.0
A_ananaeceps,-41.1141,146.0731,2008,2008-02-17,0.0
A_ananaeceps,-41.1141,146.0731,2008,2008-02-18,0.0
A_ananaeceps,-41.1141,146.0731,2008,2008-02-19,0.0
A_ananaeceps,-41.1141,146.0731,2008,2008-02-20,4.8
A_ananaeceps,-41.1141,146.0731,2008,2008-02-21,0.0
A_ananaeceps,-41.1141,146.0731,2008,2008-02-22,7.9
A_ananaeceps,-41.1141,146.0731,2008,2008-02-23,0.0
A_ananaeceps,-41.1141,146.0731,2008,2008-02-24,0.0
A_ananaeceps,-41.1141,146.0731,2008,2008-02-25,0.2
A_ananaeceps,-41.1141,146.0731,2008,2008-02-26,0.0
A_ananaeceps,-41.1141,146.0731,2008,2008-02-27,0.0
A_ananaeceps,-41.1141,146.0731,2008,2008-02-28,0.0
A_ananaeceps,-41.1141,146.0731,2008,2008-02-29,0.0
A_ananaeceps,-41.1141,146.0731,2008,2008-03-01,0.0
A_ananaeceps,-41.1141,146.0731,2008,2008-03-02,0.0
A_ananaeceps,-41.1141,146.0731,2008,2008-03-03,4.0
A_ananaeceps,-41.1141,146.0731,2008,2008-03-04,1.4
A_ananaeceps,-41.1141,146.0731,2008,2008-03-05,0.0
A_ananaeceps,-41.1141,146.0731,2008,2008-03-06,0.0
A_ananaeceps,-41.1141,146.0731,2008,2008-03-07,0.0
A_ananaeceps,-41.1141,146.0731,2008,2008-03-08,0.0
A_ananaeceps,-41.1141,146.0731,2008,2008-03-09,0.0
A_ananaeceps,-41.1141,146.0731,2008,2008-03-10,0.0
A_ananaeceps,-41.1141,146.0731,2008,2008-03-11,0.0
A_ananaeceps,-41.1141,146.0731,2008,2008-03-12,0.0
A_ananaeceps,-41.1141,146.0731,2008,2008-03-13,0.0
A_ananaeceps,-41.1141,146.0731,2008,2008-03-14,0.0
A_ananaeceps,-41.1141,146.0731,2008,2008-03-15,0.0
A_ananaeceps,-41.1141,146.0731,2009,2009-02-13,0.0
A_ananaeceps,-41.1141,146.0731,2009,2009-02-14,0.0
A_ananaeceps,-41.1141,146.0731,2009,2009-02-15,0.0
A_ananaeceps,-41.1141,146.0731,2009,2009-02-16,0.1
A_ananaeceps,-41.1141,146.0731,2009,2009-02-17,0.0
A_ananaeceps,-41.1141,146.0731,2009,2009-02-18,2.1
A_ananaeceps,-41.1141,146.0731,2009,2009-02-19,0.0
A_ananaeceps,-41.1141,146.0731,2009,2009-02-20,1.3
A_ananaeceps,-41.1141,146.0731,2009,2009-02-21,0.0
A_ananaeceps,-41.1141,146.0731,2009,2009-02-22,3.1
A_ananaeceps,-41.1141,146.0731,2009,2009-02-23,2.0
A_ananaeceps,-41.1141,146.0731,2009,2009-02-24,0.0
A_ananaeceps,-41.1141,146.0731,2009,2009-02-25,0.0
A_ananaeceps,-41.1141,146.0731,2009,2009-02-26,0.6
A_ananaeceps,-41.1141,146.0731,2009,2009-02-27,0.2
A_ananaeceps,-41.1141,146.0731,2009,2009-02-28,0.0
A_ananaeceps,-41.1141,146.0731,2009,2009-03-01,0.0
A_ananaeceps,-41.1141,146.0731,2009,2009-03-02,1.1
A_ananaeceps,-41.1141,146.0731,2009,2009-03-03,19.6
A_ananaeceps,-41.1141,146.0731,2009,2009-03-04,6.8
A_ananaeceps,-41.1141,146.0731,2009,2009-03-05,0.0
A_ananaeceps,-41.1141,146.0731,2009,2009-03-06,0.0
A_ananaeceps,-41.1141,146.0731,2009,2009-03-07,0.0
A_ananaeceps,-41.1141,146.0731,2009,2009-03-08,0.0
A_ananaeceps,-41.1141,146.0731,2009,2009-03-09,0.0
A_ananaeceps,-41.1141,146.0731,2009,2009-03-10,0.0
A_ananaeceps,-41.1141,146.0731,2009,2009-03-11,0.0
A_ananaeceps,-41.1141,146.0731,2009,2009-03-12,0.0
A_ananaeceps,-41.1141,146.0731,2009,2009-03-13,0.0
A_ananaeceps,-41.1141,146.0731,2009,2009-03-14,14.9
A_ananaeceps,-41.1141,146.0731,2009,2009-03-15,8.8
A_ananaeceps,-41.1141,146.0731,2010,2010-02-13,20.3
A_ananaeceps,-41.1141,146.0731,2010,2010-02-14,1.8
A_ananaeceps,-41.1141,146.0731,2010,2010-02-15,0.0
A_ananaeceps,-41.1141,146.0731,2010,2010-02-16,0.0
A_ananaeceps,-41.1141,146.0731,2010,2010-02-17,0.0
A_ananaeceps,-41.1141,146.0731,2010,2010-02-18,1.2
A_ananaeceps,-41.1141,146.0731,2010,2010-02-19,0.5
A_ananaeceps,-41.1141,146.0731,2010,2010-02-20,0.0
A_ananaeceps,-41.1141,146.0731,2010,2010-02-21,0.0
A_ananaeceps,-41.1141,146.0731,2010,2010-02-22,4.5
A_ananaeceps,-41.1141,146.0731,2010,2010-02-23,0.2
A_ananaeceps,-41.1141,146.0731,2010,2010-02-24,0.0
A_ananaeceps,-41.1141,146.0731,2010,2010-02-25,0.0
A_ananaeceps,-41.1141,146.0731,2010,2010-02-26,0.0
A_ananaeceps,-41.1141,146.0731,2010,2010-02-27,6.9
A_ananaeceps,-41.1141,146.0731,2010,2010-02-28,6.9
A_ananaeceps,-41.1141,146.0731,2010,2010-03-01,0.0
A_ananaeceps,-41.1141,146.0731,2010,2010-03-02,0.0
A_ananaeceps,-41.1141,146.0731,2010,2010-03-03,0.0
A_ananaeceps,-41.1141,146.0731,2010,2010-03-04,0.0
A_ananaeceps,-41.1141,146.0731,2010,2010-03-05,0.3
A_ananaeceps,-41.1141,146.0731,2010,2010-03-06,2.7
A_ananaeceps,-41.1141,146.0731,2010,2010-03-07,9.0
A_ananaeceps,-41.1141,146.0731,2010,2010-03-08,28.7
A_ananaeceps,-41.1141,146.0731,2010,2010-03-09,0.5
A_ananaeceps,-41.1141,146.0731,2010,2010-03-10,0.0
A_ananaeceps,-41.1141,146.0731,2010,2010-03-11,0.0
A_ananaeceps,-41.1141,146.0731,2010,2010-03-12,0.0
A_ananaeceps,-41.1141,146.0731,2010,2010-03-13,0.0
A_ananaeceps,-41.1141,146.0731,2010,2010-03-14,0.0
A_ananaeceps,-41.1141,146.0731,2010,2010-03-15,0.0
A_ananaeceps,-41.1141,146.0731,2011,2011-02-13,0.0
A_ananaeceps,-41.1141,146.0731,2011,2011-02-14,0.0
A_ananaeceps,-41.1141,146.0731,2011,2011-02-15,0.0
A_ananaeceps,-41.1141,146.0731,2011,2011-02-16,1.5
A_ananaeceps,-41.1141,146.0731,2011,2011-02-17,0.5
A_ananaeceps,-41.1141,146.0731,2011,2011-02-18,2.1
A_ananaeceps,-41.1141,146.0731,2011,2011-02-19,45.9
A_ananaeceps,-41.1141,146.0731,2011,2011-02-20,0.7
A_ananaeceps,-41.1141,146.0731,2011,2011-02-21,0.1
A_ananaeceps,-41.1141,146.0731,2011,2011-02-22,0.0
A_ananaeceps,-41.1141,146.0731,2011,2011-02-23,0.0
A_ananaeceps,-41.1141,146.0731,2011,2011-02-24,0.0
A_ananaeceps,-41.1141,146.0731,2011,2011-02-25,0.1
A_ananaeceps,-41.1141,146.0731,2011,2011-02-26,0.7
A_ananaeceps,-41.1141,146.0731,2011,2011-02-27,0.0
A_ananaeceps,-41.1141,146.0731,2011,2011-02-28,0.0
A_ananaeceps,-41.1141,146.0731,2011,2011-03-01,1.6
A_ananaeceps,-41.1141,146.0731,2011,2011-03-02,0.0
A_ananaeceps,-41.1141,146.0731,2011,2011-03-03,0.1
A_ananaeceps,-41.1141,146.0731,2011,2011-03-04,0.0
A_ananaeceps,-41.1141,146.0731,2011,2011-03-05,0.0
A_ananaeceps,-41.1141,146.0731,2011,2011-03-06,0.0
A_ananaeceps,-41.1141,146.0731,2011,2011-03-07,0.0
A_ananaeceps,-41.1141,146.0731,2011,2011-03-08,11.7
A_ananaeceps,-41.1141,146.0731,2011,2011-03-09,0.0
A_ananaeceps,-41.1141,146.0731,2011,2011-03-10,0.0
A_ananaeceps,-41.1141,146.0731,2011,2011-03-11,0.0
A_ananaeceps,-41.1141,146.0731,2011,2011-03-12,0.0
A_ananaeceps,-41.1141,146.0731,2011,2011-03-13,1.0
A_ananaeceps,-41.1141,146.0731,2011,2011-03-14,0.1
A_ananaeceps,-41.1141,146.0731,2011,2011-03-15,4.9
A_ananaeceps,-41.1141,146.0731,2012,2012-02-13,0.0
A_ananaeceps,-41.1141,146.0731,2012,2012-02-14,0.0
A_ananaeceps,-41.1141,146.0731,2012,2012-02-15,0.0
A_ananaeceps,-41.1141,146.0731,2012,2012-02-16,0.0
A_ananaeceps,-41.1141,146.0731,2012,2012-02-17,14.1
A_ananaeceps,-41.1141,146.0731,2012,2012-02-18,1.3
A_ananaeceps,-41.1141,146.0731,2012,2012-02-19,2.4
A_ananaeceps,-41.1141,146.0731,2012,2012-02-20,4.1
A_ananaeceps,-41.1141,146.0731,2012,2012-02-21,1.5
A_ananaeceps,-41.1141,146.0731,2012,2012-02-22,0.0
A_ananaeceps,-41.1141,146.0731,2012,2012-02-23,0.0
A_ananaeceps,-41.1141,146.0731,2012,2012-02-24,0.0
A_ananaeceps,-41.1141,146.0731,2012,2012-02-25,0.0
A_ananaeceps,-41.1141,146.0731,2012,2012-02-26,1.5
A_ananaeceps,-41.1141,146.0731,2012,2012-02-27,0.9
A_ananaeceps,-41.1141,146.0731,2012,2012-02-28,0.0
A_ananaeceps,-41.1141,146.0731,2012,2012-02-29,0.4
A_ananaeceps,-41.1141,146.0731,2012,2012-03-01,0.1
A_ananaeceps,-41.1141,146.0731,2012,2012-03-02,0.0
A_ananaeceps,-41.1141,146.0731,2012,2012-03-03,16.3
A_ananaeceps,-41.1141,146.0731,2012,2012-03-04,24.9
A_ananaeceps,-41.1141,146.0731,2012,2012-03-05,0.0
A_ananaeceps,-41.1141,146.0731,2012,2012-03-06,1.0
A_ananaeceps,-41.1141,146.0731,2012,2012-03-07,0.0
A_ananaeceps,-41.1141,146.0731,2012,2012-03-08,0.0
A_ananaeceps,-41.1141,146.0731,2012,2012-03-09,0.0
A_ananaeceps,-41.1141,146.0731,2012,2012-03-10,0.0
A_ananaeceps,-41.1141,146.0731,2012,2012-03-11,0.0
A_ananaeceps,-41.1141,146.0731,2012,2012-03-12,0.0
A_ananaeceps,-41.1141,146.0731,2012,2012-03-13,0.0
A_ananaeceps,-41.1141,146.0731,2012,2012-03-14,0.0
A_ananaeceps,-41.1141,146.0731,2012,2012-03-15,33.0
A_ananaeceps,-41.1141,146.0731,2013,2013-02-13,0.0
A_ananaeceps,-41.1141,146.0731,2013,2013-02-14,0.0
A_ananaeceps,-41.1141,146.0731,2013,2013-02-15,0.0
A_ananaeceps,-41.1141,146.0731,2013,2013-02-16,0.0
A_ananaeceps,-41.1141,146.0731,2013,2013-02-17,0.0
A_ananaeceps,-41.1141,146.0731,2013,2013-02-18,0.0
A_ananaeceps,-41.1141,146.0731,2013,2013-02-19,0.6
A_ananaeceps,-41.1141,146.0731,2013,2013-02-20,0.0
A_ananaeceps,-41.1141,146.0731,2013,2013-02-21,0.0
A_ananaeceps,-41.1141,146.0731,2013,2013-02-22,0.4
A_ananaeceps,-41.1141,146.0731,2013,2013-02-23,1.8
A_ananaeceps,-41.1141,146.0731,2013,2013-02-24,4.8
A_ananaeceps,-41.1141,146.0731,2013,2013-02-25,0.0
A_ananaeceps,-41.1141,146.0731,2013,2013-02-26,10.0
A_ananaeceps,-41.1141,146.0731,2013,2013-02-27,0.8
A_ananaeceps,-41.1141,146.0731,2013,2013-02-28,0.0
A_ananaeceps,-41.1141,146.0731,2013,2013-03-01,0.0
A_ananaeceps,-41.1141,146.0731,2013,2013-03-02,0.0
A_ananaeceps,-41.1141,146.0731,2013,2013-03-03,0.0
A_ananaeceps,-41.1141,146.0731,2013,2013-03-04,0.0
A_ananaeceps,-41.1141,146.0731,2013,2013-03-05,0.0
A_ananaeceps,-41.1141,146.0731,2013,2013-03-06,0.0
A_ananaeceps,-41.1141,146.0731,2013,2013-03-07,0.0
A_ananaeceps,-41.1141,146.0731,2013,2013-03-08,0.0
A_ananaeceps,-41.1141,146.0731,2013,2013-03-09,0.0
A_ananaeceps,-41.1141,146.0731,2013,2013-03-10,0.6
A_ananaeceps,-41.1141,146.0731,2013,2013-03-11,0.3
A_ananaeceps,-41.1141,146.0731,2013,2013-03-12,0.0
A_ananaeceps,-41.1141,146.0731,2013,2013-03-13,0.0
A_ananaeceps,-41.1141,146.0731,2013,2013-03-14,0.0
A_ananaeceps,-41.1141,146.0731,2013,2013-03-15,0.0
A_ananaeceps,-41.1141,146.0731,2014,2014-02-13,0.2
A_ananaeceps,-41.1141,146.0731,2014,2014-02-14,0.3
A_ananaeceps,-41.1141,146.0731,2014,2014-02-15,4.2
A_ananaeceps,-41.1141,146.0731,2014,2014-02-16,0.2
A_ananaeceps,-41.1141,146.0731,2014,2014-02-17,0.0
A_ananaeceps,-41.1141,146.0731,2014,2014-02-18,0.0
A_ananaeceps,-41.1141,146.0731,2014,2014-02-19,5.8
A_ananaeceps,-41.1141,146.0731,2014,2014-02-20,10.9
A_ananaeceps,-41.1141,146.0731,2014,2014-02-21,0.0
A_ananaeceps,-41.1141,146.0731,2014,2014-02-22,0.0
A_ananaeceps,-41.1141,146.0731,2014,2014-02-23,0.0
A_ananaeceps,-41.1141,146.0731,2014,2014-02-24,0.0
A_ananaeceps,-41.1141,146.0731,2014,2014-02-25,0.0
A_ananaeceps,-41.1141,146.0731,2014,2014-02-26,0.0
A_ananaeceps,-41.1141,146.0731,2014,2014-02-27,0.0
A_ananaeceps,-41.1141,146.0731,2014,2014-02-28,0.0
A_ananaeceps,-41.1141,146.0731,2014,2014-03-01,0.0
A_ananaeceps,-41.1141,146.0731,2014,2014-03-02,0.0
A_ananaeceps,-41.1141,146.0731,2014,2014-03-03,0.0
A_ananaeceps,-41.1141,146.0731,2014,2014-03-04,0.5
A_ananaeceps,-41.1141,146.0731,2014,2014-03-05,0.2
A_ananaeceps,-41.1141,146.0731,2014,2014-03-06,2.9
A_ananaeceps,-41.1141,146.0731,2014,2014-03-07,0.4
A_ananaeceps,-41.1141,146.0731,2014,2014-03-08,0.0
A_ananaeceps,-41.1141,146.0731,2014,2014-03-09,3.0
A_ananaeceps,-41.1141,146.0731,2014,2014-03-10,0.0
A_ananaeceps,-41.1141,146.0731,2014,2014-03-11,0.6
A_ananaeceps,-41.1141,146.0731,2014,2014-03-12,0.0
A_ananaeceps,-41.1141,146.0731,2014,2014-03-13,0.0
A_ananaeceps,-41.1141,146.0731,2014,2014-03-14,0.0
A_ananaeceps,-41.1141,146.0731,2014,2014-03-15,14.3
A_ananaeceps,-41.1141,146.0731,2015,2015-02-13,2.0
A_ananaeceps,-41.1141,146.0731,2015,2015-02-14,39.0
A_ananaeceps,-41.1141,146.0731,2015,2015-02-15,1.7
A_ananaeceps,-41.1141,146.0731,2015,2015-02-16,0.8
A_ananaeceps,-41.1141,146.0731,2015,2015-02-17,1.6
A_ananaeceps,-41.1141,146.0731,2015,2015-02-18,0.6
A_ananaeceps,-41.1141,146.0731,2015,2015-02-19,2.8
A_ananaeceps,-41.1141,146.0731,2015,2015-02-20,0.0
A_ananaeceps,-41.1141,146.0731,2015,2015-02-21,0.1
A_ananaeceps,-41.1141,146.0731,2015,2015-02-22,0.0
A_ananaeceps,-41.1141,146.0731,2015,2015-02-23,3.0
A_ananaeceps,-41.1141,146.0731,2015,2015-02-24,0.1
A_ananaeceps,-41.1141,146.0731,2015,2015-02-25,0.1
A_ananaeceps,-41.1141,146.0731,2015,2015-02-26,1.8
A_ananaeceps,-41.1141,146.0731,2015,2015-02-27,0.0
A_ananaeceps,-41.1141,146.0731,2015,2015-02-28,10.4
A_ananaeceps,-41.1141,146.0731,2015,2015-03-01,0.0
A_ananaeceps,-41.1141,146.0731,2015,2015-03-02,0.0
A_ananaeceps,-41.1141,146.0731,2015,2015-03-03,0.0
A_ananaeceps,-41.1141,146.0731,2015,2015-03-04,1.0
A_ananaeceps,-41.1141,146.0731,2015,2015-03-05,2.8
A_ananaeceps,-41.1141,146.0731,2015,2015-03-06,1.1
A_ananaeceps,-41.1141,146.0731,2015,2015-03-07,0.7
A_ananaeceps,-41.1141,146.0731,2015,2015-03-08,0.4
A_ananaeceps,-41.1141,146.0731,2015,2015-03-09,1.4
A_ananaeceps,-41.1141,146.0731,2015,2015-03-10,0.0
A_ananaeceps,-41.1141,146.0731,2015,2015-03-11,0.0
A_ananaeceps,-41.1141,146.0731,2015,2015-03-12,0.0
A_ananaeceps,-41.1141,146.0731,2015,2015-03-13,0.0
A_ananaeceps,-41.1141,146.0731,2015,2015-03-14,3.8
A_ananaeceps,-41.1141,146.0731,2015,2015-03-15,0.0
A_ananaeceps,-41.1141,146.0731,2016,2016-02-13,0.0
A_ananaeceps,-41.1141,146.0731,2016,2016-02-14,0.1
A_ananaeceps,-41.1141,146.0731,2016,2016-02-15,2.1
A_ananaeceps,-41.1141,146.0731,2016,2016-02-16,0.0
A_ananaeceps,-41.1141,146.0731,2016,2016-02-17,0.0
A_ananaeceps,-41.1141,146.0731,2016,2016-02-18,0.0
A_ananaeceps,-41.1141,146.0731,2016,2016-02-19,0.0
A_ananaeceps,-41.1141,146.0731,2016,2016-02-20,0.0
A_ananaeceps,-41.1141,146.0731,2016,2016-02-21,0.0
A_ananaeceps,-41.1141,146.0731,2016,2016-02-22,0.0
A_ananaeceps,-41.1141,146.0731,2016,2016-02-23,2.9
A_ananaeceps,-41.1141,146.0731,2016,2016-02-24,14.6
A_ananaeceps,-41.1141,146.0731,2016,2016-02-25,2.1
A_ananaeceps,-41.1141,146.0731,2016,2016-02-26,0.0
A_ananaeceps,-41.1141,146.0731,2016,2016-02-27,0.0
A_ananaeceps,-41.1141,146.0731,2016,2016-02-28,0.0
A_ananaeceps,-41.1141,146.0731,2016,2016-02-29,5.2
A_ananaeceps,-41.1141,146.0731,2016,2016-03-01,3.0
A_ananaeceps,-41.1141,146.0731,2016,2016-03-02,0.0
A_ananaeceps,-41.1141,146.0731,2016,2016-03-03,0.0
A_ananaeceps,-41.1141,146.0731,2016,2016-03-04,0.0
A_ananaeceps,-41.1141,146.0731,2016,2016-03-05,0.0
A_ananaeceps,-41.1141,146.0731,2016,2016-03-06,0.0
A_ananaeceps,-41.1141,146.0731,2016,2016-03-07,7.0
A_ananaeceps,-41.1141,146.0731,2016,2016-03-08,1.1
A_ananaeceps,-41.1141,146.0731,2016,2016-03-09,0.3
A_ananaeceps,-41.1141,146.0731,2016,2016-03-10,10.3
A_ananaeceps,-41.1141,146.0731,2016,2016-03-11,4.5
A_ananaeceps,-41.1141,146.0731,2016,2016-03-12,0.0
A_ananaeceps,-41.1141,146.0731,2016,2016-03-13,0.1
A_ananaeceps,-41.1141,146.0731,2016,2016-03-14,5.4
A_ananaeceps,-41.1141,146.0731,2016,2016-03-15,0.0
A_ananaeceps,-41.1141,146.0731,2017,2017-02-13,0.0
A_ananaeceps,-41.1141,146.0731,2017,2017-02-14,0.0
A_ananaeceps,-41.1141,146.0731,2017,2017-02-15,0.0
A_ananaeceps,-41.1141,146.0731,2017,2017-02-16,0.0
A_ananaeceps,-41.1141,146.0731,2017,2017-02-17,1.0
A_ananaeceps,-41.1141,146.0731,2017,2017-02-18,1.5
A_ananaeceps,-41.1141,146.0731,2017,2017-02-19,3.1
A_ananaeceps,-41.1141,146.0731,2017,2017-02-20,0.3
A_ananaeceps,-41.1141,146.0731,2017,2017-02-21,0.0
A_ananaeceps,-41.1141,146.0731,2017,2017-02-22,0.0
A_ananaeceps,-41.1141,146.0731,2017,2017-02-23,0.5
A_ananaeceps,-41.1141,146.0731,2017,2017-02-24,0.0
A_ananaeceps,-41.1141,146.0731,2017,2017-02-25,0.0
A_ananaeceps,-41.1141,146.0731,2017,2017-02-26,1.3
A_ananaeceps,-41.1141,146.0731,2017,2017-02-27,0.3
A_ananaeceps,-41.1141,146.0731,2017,2017-02-28,0.0
A_ananaeceps,-41.1141,146.0731,2017,2017-03-01,0.0
A_ananaeceps,-41.1141,146.0731,2017,2017-03-02,0.2
A_ananaeceps,-41.1141,146.0731,2017,2017-03-03,0.0
A_ananaeceps,-41.1141,146.0731,2017,2017-03-04,0.0
A_ananaeceps,-41.1141,146.0731,2017,2017-03-05,0.0
A_ananaeceps,-41.1141,146.0731,2017,2017-03-06,0.4
A_ananaeceps,-41.1141,146.0731,2017,2017-03-07,0.6
A_ananaeceps,-41.1141,146.0731,2017,2017-03-08,0.1
A_ananaeceps,-41.1141,146.0731,2017,2017-03-09,0.2
A_ananaeceps,-41.1141,146.0731,2017,2017-03-10,0.0
A_ananaeceps,-41.1141,146.0731,2017,2017-03-11,3.5
A_ananaeceps,-41.1141,146.0731,2017,2017-03-12,13.9
A_ananaeceps,-41.1141,146.0731,2017,2017-03-13,0.0
A_ananaeceps,-41.1141,146.0731,2017,2017-03-14,0.0
A_ananaeceps,-41.1141,146.0731,2017,2017-03-15,0.8
A_ananaeceps,-41.1141,146.0731,2018,2018-02-13,0.0
A_ananaeceps,-41.1141,146.0731,2018,2018-02-14,10.2
A_ananaeceps,-41.1141,146.0731,2018,2018-02-15,1.9
A_ananaeceps,-41.1141,146.0731,2018,2018-02-16,0.0
A_ananaeceps,-41.1141,146.0731,2018,2018-02-17,0.1
A_ananaeceps,-41.1141,146.0731,2018,2018-02-18,0.9
A_ananaeceps,-41.1141,146.0731,2018,2018-02-19,0.0
A_ananaeceps,-41.1141,146.0731,2018,2018-02-20,0.0
A_ananaeceps,-41.1141,146.0731,2018,2018-02-21,0.0
A_ananaeceps,-41.1141,146.0731,2018,2018-02-22,0.0
A_ananaeceps,-41.1141,146.0731,2018,2018-02-23,24.4
A_ananaeceps,-41.1141,146.0731,2018,2018-02-24,18.1
A_ananaeceps,-41.1141,146.0731,2018,2018-02-25,0.0
A_ananaeceps,-41.1141,146.0731,2018,2018-02-26,0.6
A_ananaeceps,-41.1141,146.0731,2018,2018-02-27,0.4
A_ananaeceps,-41.1141,146.0731,2018,2018-02-28,8.5
A_ananaeceps,-41.1141,146.0731,2018,2018-03-01,0.1
A_ananaeceps,-41.1141,146.0731,2018,2018-03-02,4.8
A_ananaeceps,-41.1141,146.0731,2018,2018-03-03,2.1
A_ananaeceps,-41.1141,146.0731,2018,2018-03-04,0.0
A_ananaeceps,-41.1141,146.0731,2018,2018-03-05,0.0
A_ananaeceps,-41.1141,146.0731,2018,2018-03-06,0.0
A_ananaeceps,-41.1141,146.0731,2018,2018-03-07,0.0
A_ananaeceps,-41.1141,146.0731,2018,2018-03-08,0.0
A_ananaeceps,-41.1141,146.0731,2018,2018-03-09,0.0
A_ananaeceps,-41.1141,146.0731,2018,2018-03-10,0.0
A_ananaeceps,-41.1141,146.0731,2018,2018-03-11,0.0
A_ananaeceps,-41.1141,146.0731,2018,2018-03-12,0.2
A_ananaeceps,-41.1141,146.0731,2018,2018-03-13,0.0
A_ananaeceps,-41.1141,146.0731,2018,2018-03-14,0.7
A_ananaeceps,-41.1141,146.0731,2018,2018-03-15,0.2
A_ananaeceps,-41.1141,146.0731,2019,2019-02-13,0.1
A_ananaeceps,-41.1141,146.0731,2019,2019-02-14,0.3
A_ananaeceps,-41.1141,146.0731,2019,2019-02-15,0.0
A_ananaeceps,-41.1141,146.0731,2019,2019-02-16,2.0
A_ananaeceps,-41.1141,146.0731,2019,2019-02-17,0.7
A_ananaeceps,-41.1141,146.0731,2019,2019-02-18,0.2
A_ananaeceps,-41.1141,146.0731,2019,2019-02-19,0.0
A_ananaeceps,-41.1141,146.0731,2019,2019-02-20,0.4
A_ananaeceps,-41.1141,146.0731,2019,2019-02-21,0.0
A_ananaeceps,-41.1141,146.0731,2019,2019-02-22,0.0
A_ananaeceps,-41.1141,146.0731,2019,2019-02-23,0.0
A_ananaeceps,-41.1141,146.0731,2019,2019-02-24,0.0
A_ananaeceps,-41.1141,146.0731,2019,2019-02-25,0.1
A_ananaeceps,-41.1141,146.0731,2019,2019-02-26,0.7
A_ananaeceps,-41.1141,146.0731,2019,2019-02-27,1.0
A_ananaeceps,-41.1141,146.0731,2019,2019-02-28,0.7
A_ananaeceps,-41.1141,146.0731,2019,2019-03-01,0.0
A_ananaeceps,-41.1141,146.0731,2019,2019-03-02,0.0
A_ananaeceps,-41.1141,146.0731,2019,2019-03-03,0.4
A_ananaeceps,-41.1141,146.0731,2019,2019-03-04,0.0
A_ananaeceps,-41.1141,146.0731,2019,2019-03-05,0.9
A_ananaeceps,-41.1141,146.0731,2019,2019-03-06,0.1
A_ananaeceps,-41.1141,146.0731,2019,2019-03-07,0.2
A_ananaeceps,-41.1141,146.0731,2019,2019-03-08,0.7
A_ananaeceps,-41.1141,146.0731,2019,2019-03-09,0.0
A_ananaeceps,-41.1141,146.0731,2019,2019-03-10,2.6
A_ananaeceps,-41.1141,146.0731,2019,2019-03-11,0.0
A_ananaeceps,-41.1141,146.0731,2019,2019-03-12,1.0
A_ananaeceps,-41.1141,146.0731,2019,2019-03-13,0.0
A_ananaeceps,-41.1141,146.0731,2019,2019-03-14,0.0
A_ananaeceps,-41.1141,146.0731,2019,2019-03-15,0.0
A_ananaeceps,-41.1141,146.0731,2020,2020-02-13,0.0
A_ananaeceps,-41.1141,146.0731,2020,2020-02-14,3.2
A_ananaeceps,-41.1141,146.0731,2020,2020-02-15,8.8
A_ananaeceps,-41.1141,146.0731,2020,2020-02-16,0.0
A_ananaeceps,-41.1141,146.0731,2020,2020-02-17,0.0
A_ananaeceps,-41.1141,146.0731,2020,2020-02-18,12.9
A_ananaeceps,-41.1141,146.0731,2020,2020-02-19,5.2
A_ananaeceps,-41.1141,146.0731,2020,2020-02-20,0.0
A_ananaeceps,-41.1141,146.0731,2020,2020-02-21,0.4
A_ananaeceps,-41.1141,146.0731,2020,2020-02-22,0.0
A_ananaeceps,-41.1141,146.0731,2020,2020-02-23,0.0
A_ananaeceps,-41.1141,146.0731,2020,2020-02-24,0.0
A_ananaeceps,-41.1141,146.0731,2020,2020-02-25,0.0
A_ananaeceps,-41.1141,146.0731,2020,2020-02-26,5.0
A_ananaeceps,-41.1141,146.0731,2020,2020-02-27,0.5
A_ananaeceps,-41.1141,146.0731,2020,2020-02-28,0.0
A_ananaeceps,-41.1141,146.0731,2020,2020-02-29,0.0
A_ananaeceps,-41.1141,146.0731,2020,2020-03-01,9.4
A_ananaeceps,-41.1141,146.0731,2020,2020-03-02,4.0
A_ananaeceps,-41.1141,146.0731,2020,2020-03-03,0.3
A_ananaeceps,-41.1141,146.0731,2020,2020-03-04,2.2
A_ananaeceps,-41.1141,146.0731,2020,2020-03-05,6.3
A_ananaeceps,-41.1141,146.0731,2020,2020-03-06,0.0
A_ananaeceps,-41.1141,146.0731,2020,2020-03-07,0.0
A_ananaeceps,-41.1141,146.0731,2020,2020-03-08,0.0
A_ananaeceps,-41.1141,146.0731,2020,2020-03-09,0.4
A_ananaeceps,-41.1141,146.0731,2020,2020-03-10,0.1
A_ananaeceps,-41.1141,146.0731,2020,2020-03-11,0.2
A_ananaeceps,-41.1141,146.0731,2020,2020-03-12,0.0
A_ananaeceps,-41.1141,146.0731,2020,2020-03-13,8.9
A_ananaeceps,-41.1141,146.0731,2020,2020-03-14,0.0
A_ananaeceps,-41.1141,146.0731,2020,2020-03-15,0.0
A_ananaeceps,-41.1141,146.0731,2021,2021-02-13,0.0
A_ananaeceps,-41.1141,146.0731,2021,2021-02-14,0.0
A_ananaeceps,-41.1141,146.0731,2021,2021-02-15,0.3
A_ananaeceps,-41.1141,146.0731,2021,2021-02-16,0.0
A_ananaeceps,-41.1141,146.0731,2021,2021-02-17,0.8
A_ananaeceps,-41.1141,146.0731,2021,2021-02-18,0.2
A_ananaeceps,-41.1141,146.0731,2021,2021-02-19,0.4
A_ananaeceps,-41.1141,146.0731,2021,2021-02-20,0.2
A_ananaeceps,-41.1141,146.0731,2021,2021-02-21,0.0
A_ananaeceps,-41.1141,146.0731,2021,2021-02-22,0.0
A_ananaeceps,-41.1141,146.0731,2021,2021-02-23,0.0
A_ananaeceps,-41.1141,146.0731,2021,2021-02-24,0.0
A_ananaeceps,-41.1141,146.0731,2021,2021-02-25,8.2
A_ananaeceps,-41.1141,146.0731,2021,2021-02-26,0.0
A_ananaeceps,-41.1141,146.0731,2021,2021-02-27,0.1
A_ananaeceps,-41.1141,146.0731,2021,2021-02-28,0.2
A_ananaeceps,-41.1141,146.0731,2021,2021-03-01,0.4
A_ananaeceps,-41.1141,146.0731,2021,2021-03-02,0.0
A_ananaeceps,-41.1141,146.0731,2021,2021-03-03,0.0
A_ananaeceps,-41.1141,146.0731,2021,2021-03-04,0.2
A_ananaeceps,-41.1141,146.0731,2021,2021-03-05,0.0
A_ananaeceps,-41.1141,146.0731,2021,2021-03-06,0.0
A_ananaeceps,-41.1141,146.0731,2021,2021-03-07,0.4
A_ananaeceps,-41.1141,146.0731,2021,2021-03-08,1.2
A_ananaeceps,-41.1141,146.0731,2021,2021-03-09,0.0
A_ananaeceps,-41.1141,146.0731,2021,2021-03-10,0.0
A_ananaeceps,-41.1141,146.0731,2021,2021-03-11,0.1
A_ananaeceps,-41.1141,146.0731,2021,2021-03-12,0.6
A_ananaeceps,-41.1141,146.0731,2021,2021-03-13,6.8
A_ananaeceps,-41.1141,146.0731,2021,2021-03-14,0.1
A_ananaeceps,-41.1141,146.0731,2021,2021-03-15,0.1
A_ananaeceps,-41.1141,146.0731,2022,2022-02-13,1.0
A_ananaeceps,-41.1141,146.0731,2022,2022-02-14,0.0
A_ananaeceps,-41.1141,146.0731,2022,2022-02-15,0.2
A_ananaeceps,-41.1141,146.0731,2022,2022-02-16,18.4
A_ananaeceps,-41.1141,146.0731,2022,2022-02-17,5.4
A_ananaeceps,-41.1141,146.0731,2022,2022-02-18,0.1
A_ananaeceps,-41.1141,146.0731,2022,2022-02-19,0.0
A_ananaeceps,-41.1141,146.0731,2022,2022-02-20,1.3
A_ananaeceps,-41.1141,146.0731,2022,2022-02-21,0.0
A_ananaeceps,-41.1141,146.0731,2022,2022-02-22,2.1
A_ananaeceps,-41.1141,146.0731,2022,2022-02-23,2.7
A_ananaeceps,-41.1141,146.0731,2022,2022-02-24,0.5
A_ananaeceps,-41.1141,146.0731,2022,2022-02-25,12.9
A_ananaeceps,-41.1141,146.0731,2022,2022-02-26,0.2
A_ananaeceps,-41.1141,146.0731,2022,2022-02-27,2.3
A_ananaeceps,-41.1141,146.0731,2022,2022-02-28,2.3
A_ananaeceps,-41.1141,146.0731,2022,2022-03-01,15.1
A_ananaeceps,-41.1141,146.0731,2022,2022-03-02,1.5
A_ananaeceps,-41.1141,146.0731,2022,2022-03-03,3.9
A_ananaeceps,-41.1141,146.0731,2022,2022-03-04,17.9
A_ananaeceps,-41.1141,146.0731,2022,2022-03-05,9.3
A_ananaeceps,-41.1141,146.0731,2022,2022-03-06,0.0
A_ananaeceps,-41.1141,146.0731,2022,2022-03-07,0.3
A_ananaeceps,-41.1141,146.0731,2022,2022-03-08,0.0
A_ananaeceps,-41.1141,146.0731,2022,2022-03-09,0.0
A_ananaeceps,-41.1141,146.0731,2022,2022-03-10,0.0
A_ananaeceps,-41.1141,146.0731,2022,2022-03-11,0.0
A_ananaeceps,-41.1141,146.0731,2022,2022-03-12,0.6
A_ananaeceps,-41.1141,146.0731,2022,2022-03-13,0.3
A_ananaeceps,-41.1141,146.0731,2022,2022-03-14,5.2
A_ananaeceps,-41.1141,146.0731,2022,2022-03-15,2.3
A_ananaeceps,-41.1141,146.0731,2023,2023-02-13,0.0
A_ananaeceps,-41.1141,146.0731,2023,2023-02-14,0.0
A_ananaeceps,-41.1141,146.0731,2023,2023-02-15,0.4
A_ananaeceps,-41.1141,146.0731,2023,2023-02-16,0.0
A_ananaeceps,-41.1141,146.0731,2023,2023-02-17,0.0
A_ananaeceps,-41.1141,146.0731,2023,2023-02-18,0.2
A_ananaeceps,-41.1141,146.0731,2023,2023-02-19,0.0
A_ananaeceps,-41.1141,146.0731,2023,2023-02-20,0.0
A_ananaeceps,-41.1141,146.0731,2023,2023-02-21,0.1
A_ananaeceps,-41.1141,146.0731,2023,2023-02-22,0.1
A_ananaeceps,-41.1141,146.0731,2023,2023-02-23,0.1
A_ananaeceps,-41.1141,146.0731,2023,2023-02-24,0.0
A_ananaeceps,-41.1141,146.0731,2023,2023-02-25,4.1
A_ananaeceps,-41.1141,146.0731,2023,2023-02-26,3.5
A_ananaeceps,-41.1141,146.0731,2023,2023-02-27,1.5
A_ananaeceps,-41.1141,146.0731,2023,2023-02-28,3.6
A_ananaeceps,-41.1141,146.0731,2023,2023-03-01,0.0
A_ananaeceps,-41.1141,146.0731,2023,2023-03-02,0.1
A_ananaeceps,-41.1141,146.0731,2023,2023-03-03,0.5
A_ananaeceps,-41.1141,146.0731,2023,2023-03-04,6.3
A_ananaeceps,-41.1141,146.0731,2023,2023-03-05,5.9
A_ananaeceps,-41.1141,146.0731,2023,2023-03-06,9.8
A_ananaeceps,-41.1141,146.0731,2023,2023-03-07,13.8
A_ananaeceps,-41.1141,146.0731,2023,2023-03-08,0.6
A_ananaeceps,-41.1141,146.0731,2023,2023-03-09,0.4
A_ananaeceps,-41.1141,146.0731,2023,2023-03-10,0.0
A_ananaeceps,-41.1141,146.0731,2023,2023-03-11,0.1
A_ananaeceps,-41.1141,146.0731,2023,2023-03-12,0.0
A_ananaeceps,-41.1141,146.0731,2023,2023-03-13,5.8
A_ananaeceps,-41.1141,146.0731,2023,2023-03-14,0.6
A_ananaeceps,-41.1141,146.0731,2023,2023-03-15,0.0
A_ananaeceps,-41.1141,146.0731,2024,2024-02-13,9.3
A_ananaeceps,-41.1141,146.0731,2024,2024-02-14,0.0
A_ananaeceps,-41.1141,146.0731,2024,2024-02-15,0.0
A_ananaeceps,-41.1141,146.0731,2024,2024-02-16,0.0
A_ananaeceps,-41.1141,146.0731,2024,2024-02-17,0.0
A_ananaeceps,-41.1141,146.0731,2024,2024-02-18,0.0
A_ananaeceps,-41.1141,146.0731,2024,2024-02-19,0.4
A_ananaeceps,-41.1141,146.0731,2024,2024-02-20,0.3
A_ananaeceps,-41.1141,146.0731,2024,2024-02-21,1.1
A_ananaeceps,-41.1141,146.0731,2024,2024-02-22,0.1
A_ananaeceps,-41.1141,146.0731,2024,2024-02-23,0.0
A_ananaeceps,-41.1141,146.0731,2024,2024-02-24,0.0
A_ananaeceps,-41.1141,146.0731,2024,2024-02-25,0.0
A_ananaeceps,-41.1141,146.0731,2024,2024-02-26,0.0
A_ananaeceps,-41.1141,146.0731,2024,2024-02-27,1.7
A_ananaeceps,-41.1141,146.0731,2024,2024-02-28,2.6
A_ananaeceps,-41.1141,146.0731,2024,2024-02-29,0.2
A_ananaeceps,-41.1141,146.0731,2024,2024-03-01,0.0
A_ananaeceps,-41.1141,146.0731,2024,2024-03-02,0.0
A_ananaeceps,-41.1141,146.0731,2024,2024-03-03,0.0
A_ananaeceps,-41.1141,146.0731,2024,2024-03-04,0.0
A_ananaeceps,-41.1141,146.0731,2024,2024-03-05,0.2
A_ananaeceps,-41.1141,146.0731,2024,2024-03-06,0.0
A_ananaeceps,-41.1141,146.0731,2024,2024-03-07,0.3
A_ananaeceps,-41.1141,146.0731,2024,2024-03-08,0.8
A_ananaeceps,-41.1141,146.0731,2024,2024-03-09,1.8
A_ananaeceps,-41.1141,146.0731,2024,2024-03-10,0.9
A_ananaeceps,-41.1141,146.0731,2024,2024-03-11,0.0
A_ananaeceps,-41.1141,146.0731,2024,2024-03-12,10.5
A_ananaeceps,-41.1141,146.0731,2024,2024-03-13,2.4
A_ananaeceps,-41.1141,146.0731,2024,2024-03-14,0.9
A_ananaeceps,-41.1141,146.0731,2024,2024-03-15,0.7
A_berkeleyi,27.0416,88.2664,2000,2000-07-27,4.8
A_berkeleyi,27.0416,88.2664,2000,2000-07-28,9.7
A_berkeleyi,27.0416,88.2664,2000,2000-07-29,30.0
A_berkeleyi,27.0416,88.2664,2000,2000-07-30,17.4
A_berkeleyi,27.0416,88.2664,2000,2000-07-31,46.1
A_berkeleyi,27.0416,88.2664,2000,2000-08-01,82.1
A_berkeleyi,27.0416,88.2664,2000,2000-08-02,54.3
A_berkeleyi,27.0416,88.2664,2000,2000-08-03,46.5
A_berkeleyi,27.0416,88.2664,2000,2000-08-04,15.0
A_berkeleyi,27.0416,88.2664,2000,2000-08-05,17.4
A_berkeleyi,27.0416,88.2664,2000,2000-08-06,42.7
A_berkeleyi,27.0416,88.2664,2000,2000-08-07,33.3
A_berkeleyi,27.0416,88.2664,2000,2000-08-08,10.5
A_berkeleyi,27.0416,88.2664,2000,2000-08-09,8.9
A_berkeleyi,27.0416,88.2664,2000,2000-08-10,38.2
A_berkeleyi,27.0416,88.2664,2000,2000-08-11,22.3
A_berkeleyi,27.0416,88.2664,2000,2000-08-12,14.2
A_berkeleyi,27.0416,88.2664,2000,2000-08-13,19.8
A_berkeleyi,27.0416,88.2664,2000,2000-08-14,16.1
A_berkeleyi,27.0416,88.2664,2000,2000-08-15,22.5
A_berkeleyi,27.0416,88.2664,2000,2000-08-16,17.5
A_berkeleyi,27.0416,88.2664,2000,2000-08-17,26.9
A_berkeleyi,27.0416,88.2664,2000,2000-08-18,4.4
A_berkeleyi,27.0416,88.2664,2000,2000-08-19,15.2
A_berkeleyi,27.0416,88.2664,2000,2000-08-20,17.7
A_berkeleyi,27.0416,88.2664,2000,2000-08-21,23.4
A_berkeleyi,27.0416,88.2664,2000,2000-08-22,12.1
A_berkeleyi,27.0416,88.2664,2000,2000-08-23,21.9
A_berkeleyi,27.0416,88.2664,2000,2000-08-24,16.4
A_berkeleyi,27.0416,88.2664,2000,2000-08-25,8.6
A_berkeleyi,27.0416,88.2664,2000,2000-08-26,19.7
A_berkeleyi,27.0416,88.2664,2001,2001-07-27,42.5
A_berkeleyi,27.0416,88.2664,2001,2001-07-28,15.6
A_berkeleyi,27.0416,88.2664,2001,2001-07-29,145.8
A_berkeleyi,27.0416,88.2664,2001,2001-07-30,10.4
A_berkeleyi,27.0416,88.2664,2001,2001-07-31,24.3
A_berkeleyi,27.0416,88.2664,2001,2001-08-01,28.1
A_berkeleyi,27.0416,88.2664,2001,2001-08-02,42.4
A_berkeleyi,27.0416,88.2664,2001,2001-08-03,7.9
A_berkeleyi,27.0416,88.2664,2001,2001-08-04,1.0
A_berkeleyi,27.0416,88.2664,2001,2001-08-05,0.0
A_berkeleyi,27.0416,88.2664,2001,2001-08-06,1.2
A_berkeleyi,27.0416,88.2664,2001,2001-08-07,3.3
A_berkeleyi,27.0416,88.2664,2001,2001-08-08,14.8
A_berkeleyi,27.0416,88.2664,2001,2001-08-09,2.1
A_berkeleyi,27.0416,88.2664,2001,2001-08-10,3.5
A_berkeleyi,27.0416,88.2664,2001,2001-08-11,7.5
A_berkeleyi,27.0416,88.2664,2001,2001-08-12,20.3
A_berkeleyi,27.0416,88.2664,2001,2001-08-13,17.4
A_berkeleyi,27.0416,88.2664,2001,2001-08-14,5.3
A_berkeleyi,27.0416,88.2664,2001,2001-08-15,42.8
A_berkeleyi,27.0416,88.2664,2001,2001-08-16,13.1
A_berkeleyi,27.0416,88.2664,2001,2001-08-17,47.0
A_berkeleyi,27.0416,88.2664,2001,2001-08-18,65.5
A_berkeleyi,27.0416,88.2664,2001,2001-08-19,10.4
A_berkeleyi,27.0416,88.2664,2001,2001-08-20,21.3
A_berkeleyi,27.0416,88.2664,2001,2001-08-21,53.1
A_berkeleyi,27.0416,88.2664,2001,2001-08-22,54.9
A_berkeleyi,27.0416,88.2664,2001,2001-08-23,43.4
A_berkeleyi,27.0416,88.2664,2001,2001-08-24,14.6
A_berkeleyi,27.0416,88.2664,2001,2001-08-25,11.1
A_berkeleyi,27.0416,88.2664,2001,2001-08-26,21.1
A_berkeleyi,27.0416,88.2664,2002,2002-07-27,192.3
A_berkeleyi,27.0416,88.2664,2002,2002-07-28,58.4
A_berkeleyi,27.0416,88.2664,2002,2002-07-29,28.6
A_berkeleyi,27.0416,88.2664,2002,2002-07-30,27.3
A_berkeleyi,27.0416,88.2664,2002,2002-07-31,35.6
A_berkeleyi,27.0416,88.2664,2002,2002-08-01,24.2
A_berkeleyi,27.0416,88.2664,2002,2002-08-02,25.2
A_berkeleyi,27.0416,88.2664,2002,2002-08-03,12.8
A_berkeleyi,27.0416,88.2664,2002,2002-08-04,3.8
A_berkeleyi,27.0416,88.2664,2002,2002-08-05,10.7
A_berkeleyi,27.0416,88.2664,2002,2002-08-06,8.0
A_berkeleyi,27.0416,88.2664,2002,2002-08-07,8.4
A_berkeleyi,27.0416,88.2664,2002,2002-08-08,5.8
A_berkeleyi,27.0416,88.2664,2002,2002-08-09,15.2
A_berkeleyi,27.0416,88.2664,2002,2002-08-10,16.1
A_berkeleyi,27.0416,88.2664,2002,2002-08-11,31.5
A_berkeleyi,27.0416,88.2664,2002,2002-08-12,16.4
A_berkeleyi,27.0416,88.2664,2002,2002-08-13,5.0
A_berkeleyi,27.0416,88.2664,2002,2002-08-14,5.7
A_berkeleyi,27.0416,88.2664,2002,2002-08-15,5.3
A_berkeleyi,27.0416,88.2664,2002,2002-08-16,5.0
A_berkeleyi,27.0416,88.2664,2002,2002-08-17,11.2
A_berkeleyi,27.0416,88.2664,2002,2002-08-18,8.6
A_berkeleyi,27.0416,88.2664,2002,2002-08-19,16.0
A_berkeleyi,27.0416,88.2664,2002,2002-08-20,54.7
A_berkeleyi,27.0416,88.2664,2002,2002-08-21,25.8
A_berkeleyi,27.0416,88.2664,2002,2002-08-22,6.8
A_berkeleyi,27.0416,88.2664,2002,2002-08-23,2.9
A_berkeleyi,27.0416,88.2664,2002,2002-08-24,10.9
A_berkeleyi,27.0416,88.2664,2002,2002-08-25,6.0
A_berkeleyi,27.0416,88.2664,2002,2002-08-26,5.0
A_berkeleyi,27.0416,88.2664,2003,2003-07-27,14.3
A_berkeleyi,27.0416,88.2664,2003,2003-07-28,7.8
A_berkeleyi,27.0416,88.2664,2003,2003-07-29,18.1
A_berkeleyi,27.0416,88.2664,2003,2003-07-30,48.3
A_berkeleyi,27.0416,88.2664,2003,2003-07-31,16.3
A_berkeleyi,27.0416,88.2664,2003,2003-08-01,5.3
A_berkeleyi,27.0416,88.2664,2003,2003-08-02,13.3
A_berkeleyi,27.0416,88.2664,2003,2003-08-03,9.5
A_berkeleyi,27.0416,88.2664,2003,2003-08-04,5.5
A_berkeleyi,27.0416,88.2664,2003,2003-08-05,3.6
A_berkeleyi,27.0416,88.2664,2003,2003-08-06,2.9
A_berkeleyi,27.0416,88.2664,2003,2003-08-07,16.7
A_berkeleyi,27.0416,88.2664,2003,2003-08-08,41.7
A_berkeleyi,27.0416,88.2664,2003,2003-08-09,25.8
A_berkeleyi,27.0416,88.2664,2003,2003-08-10,55.5
A_berkeleyi,27.0416,88.2664,2003,2003-08-11,13.8
A_berkeleyi,27.0416,88.2664,2003,2003-08-12,3.7
A_berkeleyi,27.0416,88.2664,2003,2003-08-13,3.8
A_berkeleyi,27.0416,88.2664,2003,2003-08-14,5.4
A_berkeleyi,27.0416,88.2664,2003,2003-08-15,9.8
A_berkeleyi,27.0416,88.2664,2003,2003-08-16,8.8
A_berkeleyi,27.0416,88.2664,2003,2003-08-17,15.7
A_berkeleyi,27.0416,88.2664,2003,2003-08-18,182.5
A_berkeleyi,27.0416,88.2664,2003,2003-08-19,17.0
A_berkeleyi,27.0416,88.2664,2003,2003-08-20,8.0
A_berkeleyi,27.0416,88.2664,2003,2003-08-21,21.0
A_berkeleyi,27.0416,88.2664,2003,2003-08-22,12.8
A_berkeleyi,27.0416,88.2664,2003,2003-08-23,16.0
A_berkeleyi,27.0416,88.2664,2003,2003-08-24,17.0
A_berkeleyi,27.0416,88.2664,2003,2003-08-25,9.4
A_berkeleyi,27.0416,88.2664,2003,2003-08-26,14.6
A_berkeleyi,27.0416,88.2664,2004,2004-07-27,9.6
A_berkeleyi,27.0416,88.2664,2004,2004-07-28,8.4
A_berkeleyi,27.0416,88.2664,2004,2004-07-29,6.1
A_berkeleyi,27.0416,88.2664,2004,2004-07-30,7.0
A_berkeleyi,27.0416,88.2664,2004,2004-07-31,4.4
A_berkeleyi,27.0416,88.2664,2004,2004-08-01,5.0
A_berkeleyi,27.0416,88.2664,2004,2004-08-02,5.7
A_berkeleyi,27.0416,88.2664,2004,2004-08-03,7.7
A_berkeleyi,27.0416,88.2664,2004,2004-08-04,13.1
A_berkeleyi,27.0416,88.2664,2004,2004-08-05,29.7
A_berkeleyi,27.0416,88.2664,2004,2004-08-06,7.2
A_berkeleyi,27.0416,88.2664,2004,2004-08-07,8.7
A_berkeleyi,27.0416,88.2664,2004,2004-08-08,5.6
A_berkeleyi,27.0416,88.2664,2004,2004-08-09,4.8
A_berkeleyi,27.0416,88.2664,2004,2004-08-10,1.5
A_berkeleyi,27.0416,88.2664,2004,2004-08-11,1.1
A_berkeleyi,27.0416,88.2664,2004,2004-08-12,5.0
A_berkeleyi,27.0416,88.2664,2004,2004-08-13,9.8
A_berkeleyi,27.0416,88.2664,2004,2004-08-14,5.7
A_berkeleyi,27.0416,88.2664,2004,2004-08-15,9.8
A_berkeleyi,27.0416,88.2664,2004,2004-08-16,17.0
A_berkeleyi,27.0416,88.2664,2004,2004-08-17,4.5
A_berkeleyi,27.0416,88.2664,2004,2004-08-18,7.2
A_berkeleyi,27.0416,88.2664,2004,2004-08-19,18.5
A_berkeleyi,27.0416,88.2664,2004,2004-08-20,3.7
A_berkeleyi,27.0416,88.2664,2004,2004-08-21,2.7
A_berkeleyi,27.0416,88.2664,2004,2004-08-22,3.6
A_berkeleyi,27.0416,88.2664,2004,2004-08-23,11.7
A_berkeleyi,27.0416,88.2664,2004,2004-08-24,13.3
A_berkeleyi,27.0416,88.2664,2004,2004-08-25,11.9
A_berkeleyi,27.0416,88.2664,2004,2004-08-26,12.7
A_berkeleyi,27.0416,88.2664,2005,2005-07-27,6.9
A_berkeleyi,27.0416,88.2664,2005,2005-07-28,7.9
A_berkeleyi,27.0416,88.2664,2005,2005-07-29,4.8
A_berkeleyi,27.0416,88.2664,2005,2005-07-30,6.2
A_berkeleyi,27.0416,88.2664,2005,2005-07-31,5.1
A_berkeleyi,27.0416,88.2664,2005,2005-08-01,5.5
A_berkeleyi,27.0416,88.2664,2005,2005-08-02,15.6
A_berkeleyi,27.0416,88.2664,2005,2005-08-03,36.9
A_berkeleyi,27.0416,88.2664,2005,2005-08-04,9.1
A_berkeleyi,27.0416,88.2664,2005,2005-08-05,8.2
A_berkeleyi,27.0416,88.2664,2005,2005-08-06,11.8
A_berkeleyi,27.0416,88.2664,2005,2005-08-07,52.6
A_berkeleyi,27.0416,88.2664,2005,2005-08-08,7.9
A_berkeleyi,27.0416,88.2664,2005,2005-08-09,41.9
A_berkeleyi,27.0416,88.2664,2005,2005-08-10,10.6
A_berkeleyi,27.0416,88.2664,2005,2005-08-11,22.0
A_berkeleyi,27.0416,88.2664,2005,2005-08-12,6.7
A_berkeleyi,27.0416,88.2664,2005,2005-08-13,6.2
A_berkeleyi,27.0416,88.2664,2005,2005-08-14,7.7
A_berkeleyi,27.0416,88.2664,2005,2005-08-15,19.0
A_berkeleyi,27.0416,88.2664,2005,2005-08-16,12.9
A_berkeleyi,27.0416,88.2664,2005,2005-08-17,12.2
A_berkeleyi,27.0416,88.2664,2005,2005-08-18,22.6
A_berkeleyi,27.0416,88.2664,2005,2005-08-19,8.9
A_berkeleyi,27.0416,88.2664,2005,2005-08-20,10.9
A_berkeleyi,27.0416,88.2664,2005,2005-08-21,10.9
A_berkeleyi,27.0416,88.2664,2005,2005-08-22,8.9
A_berkeleyi,27.0416,88.2664,2005,2005-08-23,9.5
A_berkeleyi,27.0416,88.2664,2005,2005-08-24,91.5
A_berkeleyi,27.0416,88.2664,2005,2005-08-25,14.0
A_berkeleyi,27.0416,88.2664,2005,2005-08-26,11.0
A_berkeleyi,27.0416,88.2664,2006,2006-07-27,2.7
A_berkeleyi,27.0416,88.2664,2006,2006-07-28,3.9
A_berkeleyi,27.0416,88.2664,2006,2006-07-29,5.7
A_berkeleyi,27.0416,88.2664,2006,2006-07-30,3.6
A_berkeleyi,27.0416,88.2664,2006,2006-07-31,1.2
A_berkeleyi,27.0416,88.2664,2006,2006-08-01,2.6
A_berkeleyi,27.0416,88.2664,2006,2006-08-02,6.8
A_berkeleyi,27.0416,88.2664,2006,2006-08-03,7.2
A_berkeleyi,27.0416,88.2664,2006,2006-08-04,5.6
A_berkeleyi,27.0416,88.2664,2006,2006-08-05,12.8
A_berkeleyi,27.0416,88.2664,2006,2006-08-06,13.9
A_berkeleyi,27.0416,88.2664,2006,2006-08-07,16.1
A_berkeleyi,27.0416,88.2664,2006,2006-08-08,26.2
A_berkeleyi,27.0416,88.2664,2006,2006-08-09,0.9
A_berkeleyi,27.0416,88.2664,2006,2006-08-10,0.0
A_berkeleyi,27.0416,88.2664,2006,2006-08-11,0.7
A_berkeleyi,27.0416,88.2664,2006,2006-08-12,4.3
A_berkeleyi,27.0416,88.2664,2006,2006-08-13,2.3
A_berkeleyi,27.0416,88.2664,2006,2006-08-14,4.2
A_berkeleyi,27.0416,88.2664,2006,2006-08-15,2.7
A_berkeleyi,27.0416,88.2664,2006,2006-08-16,1.5
A_berkeleyi,27.0416,88.2664,2006,2006-08-17,2.6
A_berkeleyi,27.0416,88.2664,2006,2006-08-18,7.8
A_berkeleyi,27.0416,88.2664,2006,2006-08-19,16.4
A_berkeleyi,27.0416,88.2664,2006,2006-08-20,5.2
A_berkeleyi,27.0416,88.2664,2006,2006-08-21,3.4
A_berkeleyi,27.0416,88.2664,2006,2006-08-22,11.6
A_berkeleyi,27.0416,88.2664,2006,2006-08-23,12.1
A_berkeleyi,27.0416,88.2664,2006,2006-08-24,18.9
A_berkeleyi,27.0416,88.2664,2006,2006-08-25,7.4
A_berkeleyi,27.0416,88.2664,2006,2006-08-26,104.4
A_berkeleyi,27.0416,88.2664,2007,2007-07-27,25.7
A_berkeleyi,27.0416,88.2664,2007,2007-07-28,70.9
A_berkeleyi,27.0416,88.2664,2007,2007-07-29,60.9
A_berkeleyi,27.0416,88.2664,2007,2007-07-30,36.5
A_berkeleyi,27.0416,88.2664,2007,2007-07-31,21.8
A_berkeleyi,27.0416,88.2664,2007,2007-08-01,47.8
A_berkeleyi,27.0416,88.2664,2007,2007-08-02,53.7
A_berkeleyi,27.0416,88.2664,2007,2007-08-03,10.3
A_berkeleyi,27.0416,88.2664,2007,2007-08-04,13.6
A_berkeleyi,27.0416,88.2664,2007,2007-08-05,5.4
A_berkeleyi,27.0416,88.2664,2007,2007-08-06,10.5
A_berkeleyi,27.0416,88.2664,2007,2007-08-07,3.1
A_berkeleyi,27.0416,88.2664,2007,2007-08-08,5.8
A_berkeleyi,27.0416,88.2664,2007,2007-08-09,8.2
A_berkeleyi,27.0416,88.2664,2007,2007-08-10,4.3
A_berkeleyi,27.0416,88.2664,2007,2007-08-11,26.3
A_berkeleyi,27.0416,88.2664,2007,2007-08-12,51.4
A_berkeleyi,27.0416,88.2664,2007,2007-08-13,20.0
A_berkeleyi,27.0416,88.2664,2007,2007-08-14,41.5
A_berkeleyi,27.0416,88.2664,2007,2007-08-15,46.1
A_berkeleyi,27.0416,88.2664,2007,2007-08-16,55.0
A_berkeleyi,27.0416,88.2664,2007,2007-08-17,14.4
A_berkeleyi,27.0416,88.2664,2007,2007-08-18,7.0
A_berkeleyi,27.0416,88.2664,2007,2007-08-19,4.5
A_berkeleyi,27.0416,88.2664,2007,2007-08-20,1.7
A_berkeleyi,27.0416,88.2664,2007,2007-08-21,2.4
A_berkeleyi,27.0416,88.2664,2007,2007-08-22,14.4
A_berkeleyi,27.0416,88.2664,2007,2007-08-23,19.6
A_berkeleyi,27.0416,88.2664,2007,2007-08-24,34.3
A_berkeleyi,27.0416,88.2664,2007,2007-08-25,8.4
A_berkeleyi,27.0416,88.2664,2007,2007-08-26,8.5
A_berkeleyi,27.0416,88.2664,2008,2008-07-27,13.2
A_berkeleyi,27.0416,88.2664,2008,2008-07-28,11.1
A_berkeleyi,27.0416,88.2664,2008,2008-07-29,11.8
A_berkeleyi,27.0416,88.2664,2008,2008-07-30,18.8
A_berkeleyi,27.0416,88.2664,2008,2008-07-31,5.3
A_berkeleyi,27.0416,88.2664,2008,2008-08-01,5.8
A_berkeleyi,27.0416,88.2664,2008,2008-08-02,20.8
A_berkeleyi,27.0416,88.2664,2008,2008-08-03,33.0
A_berkeleyi,27.0416,88.2664,2008,2008-08-04,31.9
A_berkeleyi,27.0416,88.2664,2008,2008-08-05,20.6
A_berkeleyi,27.0416,88.2664,2008,2008-08-06,23.9
A_berkeleyi,27.0416,88.2664,2008,2008-08-07,20.6
A_berkeleyi,27.0416,88.2664,2008,2008-08-08,4.3
A_berkeleyi,27.0416,88.2664,2008,2008-08-09,5.3
A_berkeleyi,27.0416,88.2664,2008,2008-08-10,10.2
A_berkeleyi,27.0416,88.2664,2008,2008-08-11,30.5
A_berkeleyi,27.0416,88.2664,2008,2008-08-12,22.6
A_berkeleyi,27.0416,88.2664,2008,2008-08-13,24.9
A_berkeleyi,27.0416,88.2664,2008,2008-08-14,15.7
A_berkeleyi,27.0416,88.2664,2008,2008-08-15,98.4
A_berkeleyi,27.0416,88.2664,2008,2008-08-16,91.0
A_berkeleyi,27.0416,88.2664,2008,2008-08-17,24.4
A_berkeleyi,27.0416,88.2664,2008,2008-08-18,40.7
A_berkeleyi,27.0416,88.2664,2008,2008-08-19,95.0
A_berkeleyi,27.0416,88.2664,2008,2008-08-20,16.7
A_berkeleyi,27.0416,88.2664,2008,2008-08-21,13.9
A_berkeleyi,27.0416,88.2664,2008,2008-08-22,15.8
A_berkeleyi,27.0416,88.2664,2008,2008-08-23,23.8
A_berkeleyi,27.0416,88.2664,2008,2008-08-24,19.6
A_berkeleyi,27.0416,88.2664,2008,2008-08-25,30.0
A_berkeleyi,27.0416,88.2664,2008,2008-08-26,48.5
A_berkeleyi,27.0416,88.2664,2009,2009-07-27,135.1
A_berkeleyi,27.0416,88.2664,2009,2009-07-28,20.3
A_berkeleyi,27.0416,88.2664,2009,2009-07-29,40.9
A_berkeleyi,27.0416,88.2664,2009,2009-07-30,13.7
A_berkeleyi,27.0416,88.2664,2009,2009-07-31,87.7
A_berkeleyi,27.0416,88.2664,2009,2009-08-01,17.4
A_berkeleyi,27.0416,88.2664,2009,2009-08-02,48.8
A_berkeleyi,27.0416,88.2664,2009,2009-08-03,35.5
A_berkeleyi,27.0416,88.2664,2009,2009-08-04,22.1
A_berkeleyi,27.0416,88.2664,2009,2009-08-05,67.7
A_berkeleyi,27.0416,88.2664,2009,2009-08-06,64.3
A_berkeleyi,27.0416,88.2664,2009,2009-08-07,38.7
A_berkeleyi,27.0416,88.2664,2009,2009-08-08,10.4
A_berkeleyi,27.0416,88.2664,2009,2009-08-09,16.2
A_berkeleyi,27.0416,88.2664,2009,2009-08-10,18.4
A_berkeleyi,27.0416,88.2664,2009,2009-08-11,17.5
A_berkeleyi,27.0416,88.2664,2009,2009-08-12,78.9
A_berkeleyi,27.0416,88.2664,2009,2009-08-13,35.9
A_berkeleyi,27.0416,88.2664,2009,2009-08-14,99.4
A_berkeleyi,27.0416,88.2664,2009,2009-08-15,10.9
A_berkeleyi,27.0416,88.2664,2009,2009-08-16,48.6
A_berkeleyi,27.0416,88.2664,2009,2009-08-17,89.4
A_berkeleyi,27.0416,88.2664,2009,2009-08-18,27.2
A_berkeleyi,27.0416,88.2664,2009,2009-08-19,34.8
A_berkeleyi,27.0416,88.2664,2009,2009-08-20,102.0
A_berkeleyi,27.0416,88.2664,2009,2009-08-21,19.7
A_berkeleyi,27.0416,88.2664,2009,2009-08-22,9.8
A_berkeleyi,27.0416,88.2664,2009,2009-08-23,26.3
A_berkeleyi,27.0416,88.2664,2009,2009-08-24,12.3
A_berkeleyi,27.0416,88.2664,2009,2009-08-25,2.6
A_berkeleyi,27.0416,88.2664,2009,2009-08-26,4.2
A_berkeleyi,27.0416,88.2664,2010,2010-07-27,32.4
A_berkeleyi,27.0416,88.2664,2010,2010-07-28,7.2
A_berkeleyi,27.0416,88.2664,2010,2010-07-29,59.5
A_berkeleyi,27.0416,88.2664,2010,2010-07-30,73.5
A_berkeleyi,27.0416,88.2664,2010,2010-07-31,33.1
A_berkeleyi,27.0416,88.2664,2010,2010-08-01,9.8
A_berkeleyi,27.0416,88.2664,2010,2010-08-02,13.5
A_berkeleyi,27.0416,88.2664,2010,2010-08-03,9.8
A_berkeleyi,27.0416,88.2664,2010,2010-08-04,18.1
A_berkeleyi,27.0416,88.2664,2010,2010-08-05,14.8
A_berkeleyi,27.0416,88.2664,2010,2010-08-06,6.4
A_berkeleyi,27.0416,88.2664,2010,2010-08-07,11.5
A_berkeleyi,27.0416,88.2664,2010,2010-08-08,6.0
A_berkeleyi,27.0416,88.2664,2010,2010-08-09,15.9
A_berkeleyi,27.0416,88.2664,2010,2010-08-10,19.2
A_berkeleyi,27.0416,88.2664,2010,2010-08-11,9.8
A_berkeleyi,27.0416,88.2664,2010,2010-08-12,5.6
A_berkeleyi,27.0416,88.2664,2010,2010-08-13,8.7
A_berkeleyi,27.0416,88.2664,2010,2010-08-14,33.1
A_berkeleyi,27.0416,88.2664,2010,2010-08-15,41.1
A_berkeleyi,27.0416,88.2664,2010,2010-08-16,82.4
A_berkeleyi,27.0416,88.2664,2010,2010-08-17,41.4
A_berkeleyi,27.0416,88.2664,2010,2010-08-18,28.1
A_berkeleyi,27.0416,88.2664,2010,2010-08-19,30.4
A_berkeleyi,27.0416,88.2664,2010,2010-08-20,34.6
A_berkeleyi,27.0416,88.2664,2010,2010-08-21,110.2
A_berkeleyi,27.0416,88.2664,2010,2010-08-22,48.8
A_berkeleyi,27.0416,88.2664,2010,2010-08-23,59.5
A_berkeleyi,27.0416,88.2664,2010,2010-08-24,44.5
A_berkeleyi,27.0416,88.2664,2010,2010-08-25,18.2
A_berkeleyi,27.0416,88.2664,2010,2010-08-26,18.6
A_berkeleyi,27.0416,88.2664,2011,2011-07-27,26.2
A_berkeleyi,27.0416,88.2664,2011,2011-07-28,19.7
A_berkeleyi,27.0416,88.2664,2011,2011-07-29,37.4
A_berkeleyi,27.0416,88.2664,2011,2011-07-30,38.6
A_berkeleyi,27.0416,88.2664,2011,2011-07-31,35.8
A_berkeleyi,27.0416,88.2664,2011,2011-08-01,37.0
A_berkeleyi,27.0416,88.2664,2011,2011-08-02,36.0
A_berkeleyi,27.0416,88.2664,2011,2011-08-03,14.4
A_berkeleyi,27.0416,88.2664,2011,2011-08-04,23.0
A_berkeleyi,27.0416,88.2664,2011,2011-08-05,82.6
A_berkeleyi,27.0416,88.2664,2011,2011-08-06,20.9
A_berkeleyi,27.0416,88.2664,2011,2011-08-07,52.3
A_berkeleyi,27.0416,88.2664,2011,2011-08-08,17.9
A_berkeleyi,27.0416,88.2664,2011,2011-08-09,10.5
A_berkeleyi,27.0416,88.2664,2011,2011-08-10,17.7
A_berkeleyi,27.0416,88.2664,2011,2011-08-11,5.0
A_berkeleyi,27.0416,88.2664,2011,2011-08-12,4.3
A_berkeleyi,27.0416,88.2664,2011,2011-08-13,17.2
A_berkeleyi,27.0416,88.2664,2011,2011-08-14,23.2
A_berkeleyi,27.0416,88.2664,2011,2011-08-15,33.7
A_berkeleyi,27.0416,88.2664,2011,2011-08-16,67.6
A_berkeleyi,27.0416,88.2664,2011,2011-08-17,294.7
A_berkeleyi,27.0416,88.2664,2011,2011-08-18,58.6
A_berkeleyi,27.0416,88.2664,2011,2011-08-19,12.2
A_berkeleyi,27.0416,88.2664,2011,2011-08-20,7.5
A_berkeleyi,27.0416,88.2664,2011,2011-08-21,9.0
A_berkeleyi,27.0416,88.2664,2011,2011-08-22,60.6
A_berkeleyi,27.0416,88.2664,2011,2011-08-23,55.6
A_berkeleyi,27.0416,88.2664,2011,2011-08-24,28.2
A_berkeleyi,27.0416,88.2664,2011,2011-08-25,56.1
A_berkeleyi,27.0416,88.2664,2011,2011-08-26,9.3
A_berkeleyi,27.0416,88.2664,2012,2012-07-27,18.7
A_berkeleyi,27.0416,88.2664,2012,2012-07-28,22.4
A_berkeleyi,27.0416,88.2664,2012,2012-07-29,40.0
A_berkeleyi,27.0416,88.2664,2012,2012-07-30,27.1
A_berkeleyi,27.0416,88.2664,2012,2012-07-31,11.6
A_berkeleyi,27.0416,88.2664,2012,2012-08-01,36.6
A_berkeleyi,27.0416,88.2664,2012,2012-08-02,37.9
A_berkeleyi,27.0416,88.2664,2012,2012-08-03,15.3
A_berkeleyi,27.0416,88.2664,2012,2012-08-04,3.9
A_berkeleyi,27.0416,88.2664,2012,2012-08-05,5.7
A_berkeleyi,27.0416,88.2664,2012,2012-08-06,11.2
A_berkeleyi,27.0416,88.2664,2012,2012-08-07,12.3
A_berkeleyi,27.0416,88.2664,2012,2012-08-08,21.1
A_berkeleyi,27.0416,88.2664,2012,2012-08-09,6.4
A_berkeleyi,27.0416,88.2664,2012,2012-08-10,3.1
A_berkeleyi,27.0416,88.2664,2012,2012-08-11,5.6
A_berkeleyi,27.0416,88.2664,2012,2012-08-12,0.9
A_berkeleyi,27.0416,88.2664,2012,2012-08-13,4.3
A_berkeleyi,27.0416,88.2664,2012,2012-08-14,4.6
A_berkeleyi,27.0416,88.2664,2012,2012-08-15,7.2
A_berkeleyi,27.0416,88.2664,2012,2012-08-16,7.8
A_berkeleyi,27.0416,88.2664,2012,2012-08-17,23.8
A_berkeleyi,27.0416,88.2664,2012,2012-08-18,14.8
A_berkeleyi,27.0416,88.2664,2012,2012-08-19,9.6
A_berkeleyi,27.0416,88.2664,2012,2012-08-20,23.8
A_berkeleyi,27.0416,88.2664,2012,2012-08-21,50.9
A_berkeleyi,27.0416,88.2664,2012,2012-08-22,97.6
A_berkeleyi,27.0416,88.2664,2012,2012-08-23,19.4
A_berkeleyi,27.0416,88.2664,2012,2012-08-24,30.0
A_berkeleyi,27.0416,88.2664,2012,2012-08-25,16.6
A_berkeleyi,27.0416,88.2664,2012,2012-08-26,21.1
A_berkeleyi,27.0416,88.2664,2013,2013-07-27,14.2
A_berkeleyi,27.0416,88.2664,2013,2013-07-28,12.5
A_berkeleyi,27.0416,88.2664,2013,2013-07-29,18.1
A_berkeleyi,27.0416,88.2664,2013,2013-07-30,25.3
A_berkeleyi,27.0416,88.2664,2013,2013-07-31,52.0
A_berkeleyi,27.0416,88.2664,2013,2013-08-01,62.4
A_berkeleyi,27.0416,88.2664,2013,2013-08-02,22.4
A_berkeleyi,27.0416,88.2664,2013,2013-08-03,11.3
A_berkeleyi,27.0416,88.2664,2013,2013-08-04,7.9
A_berkeleyi,27.0416,88.2664,2013,2013-08-05,26.2
A_berkeleyi,27.0416,88.2664,2013,2013-08-06,19.8
A_berkeleyi,27.0416,88.2664,2013,2013-08-07,30.2
A_berkeleyi,27.0416,88.2664,2013,2013-08-08,20.3
A_berkeleyi,27.0416,88.2664,2013,2013-08-09,51.6
A_berkeleyi,27.0416,88.2664,2013,2013-08-10,11.6
A_berkeleyi,27.0416,88.2664,2013,2013-08-11,24.8
A_berkeleyi,27.0416,88.2664,2013,2013-08-12,7.5
A_berkeleyi,27.0416,88.2664,2013,2013-08-13,23.5
A_berkeleyi,27.0416,88.2664,2013,2013-08-14,3.4
A_berkeleyi,27.0416,88.2664,2013,2013-08-15,7.9
A_berkeleyi,27.0416,88.2664,2013,2013-08-16,6.8
A_berkeleyi,27.0416,88.2664,2013,2013-08-17,21.7
A_berkeleyi,27.0416,88.2664,2013,2013-08-18,7.6
A_berkeleyi,27.0416,88.2664,2013,2013-08-19,6.0
A_berkeleyi,27.0416,88.2664,2013,2013-08-20,12.7
A_berkeleyi,27.0416,88.2664,2013,2013-08-21,22.0
A_berkeleyi,27.0416,88.2664,2013,2013-08-22,4.0
A_berkeleyi,27.0416,88.2664,2013,2013-08-23,7.2
A_berkeleyi,27.0416,88.2664,2013,2013-08-24,10.7
A_berkeleyi,27.0416,88.2664,2013,2013-08-25,18.2
A_berkeleyi,27.0416,88.2664,2013,2013-08-26,17.1
A_berkeleyi,27.0416,88.2664,2014,2014-07-27,5.0
A_berkeleyi,27.0416,88.2664,2014,2014-07-28,7.2
A_berkeleyi,27.0416,88.2664,2014,2014-07-29,6.5
A_berkeleyi,27.0416,88.2664,2014,2014-07-30,6.4
A_berkeleyi,27.0416,88.2664,2014,2014-07-31,6.7
A_berkeleyi,27.0416,88.2664,2014,2014-08-01,12.6
A_berkeleyi,27.0416,88.2664,2014,2014-08-02,14.5
A_berkeleyi,27.0416,88.2664,2014,2014-08-03,14.4
A_berkeleyi,27.0416,88.2664,2014,2014-08-04,13.4
A_berkeleyi,27.0416,88.2664,2014,2014-08-05,23.0
A_berkeleyi,27.0416,88.2664,2014,2014-08-06,13.9
A_berkeleyi,27.0416,88.2664,2014,2014-08-07,29.2
A_berkeleyi,27.0416,88.2664,2014,2014-08-08,14.2
A_berkeleyi,27.0416,88.2664,2014,2014-08-09,16.0
A_berkeleyi,27.0416,88.2664,2014,2014-08-10,15.6
A_berkeleyi,27.0416,88.2664,2014,2014-08-11,13.1
A_berkeleyi,27.0416,88.2664,2014,2014-08-12,24.1
A_berkeleyi,27.0416,88.2664,2014,2014-08-13,58.5
A_berkeleyi,27.0416,88.2664,2014,2014-08-14,40.2
A_berkeleyi,27.0416,88.2664,2014,2014-08-15,19.6
A_berkeleyi,27.0416,88.2664,2014,2014-08-16,16.9
A_berkeleyi,27.0416,88.2664,2014,2014-08-17,10.5
A_berkeleyi,27.0416,88.2664,2014,2014-08-18,18.5
A_berkeleyi,27.0416,88.2664,2014,2014-08-19,15.5
A_berkeleyi,27.0416,88.2664,2014,2014-08-20,67.8
A_berkeleyi,27.0416,88.2664,2014,2014-08-21,20.1
A_berkeleyi,27.0416,88.2664,2014,2014-08-22,30.2
A_berkeleyi,27.0416,88.2664,2014,2014-08-23,24.6
A_berkeleyi,27.0416,88.2664,2014,2014-08-24,15.2
A_berkeleyi,27.0416,88.2664,2014,2014-08-25,61.3
A_berkeleyi,27.0416,88.2664,2014,2014-08-26,26.1
A_berkeleyi,27.0416,88.2664,2015,2015-07-27,13.2
A_berkeleyi,27.0416,88.2664,2015,2015-07-28,11.9
A_berkeleyi,27.0416,88.2664,2015,2015-07-29,7.3
A_berkeleyi,27.0416,88.2664,2015,2015-07-30,9.7
A_berkeleyi,27.0416,88.2664,2015,2015-07-31,12.4
A_berkeleyi,27.0416,88.2664,2015,2015-08-01,32.8
A_berkeleyi,27.0416,88.2664,2015,2015-08-02,21.2
A_berkeleyi,27.0416,88.2664,2015,2015-08-03,14.4
A_berkeleyi,27.0416,88.2664,2015,2015-08-04,35.9
A_berkeleyi,27.0416,88.2664,2015,2015-08-05,38.4
A_berkeleyi,27.0416,88.2664,2015,2015-08-06,41.2
A_berkeleyi,27.0416,88.2664,2015,2015-08-07,27.1
A_berkeleyi,27.0416,88.2664,2015,2015-08-08,25.1
A_berkeleyi,27.0416,88.2664,2015,2015-08-09,15.0
A_berkeleyi,27.0416,88.2664,2015,2015-08-10,13.5
A_berkeleyi,27.0416,88.2664,2015,2015-08-11,6.6
A_berkeleyi,27.0416,88.2664,2015,2015-08-12,13.4
A_berkeleyi,27.0416,88.2664,2015,2015-08-13,28.8
A_berkeleyi,27.0416,88.2664,2015,2015-08-14,42.0
A_berkeleyi,27.0416,88.2664,2015,2015-08-15,33.2
A_berkeleyi,27.0416,88.2664,2015,2015-08-16,43.0
A_berkeleyi,27.0416,88.2664,2015,2015-08-17,83.3
A_berkeleyi,27.0416,88.2664,2015,2015-08-18,24.8
A_berkeleyi,27.0416,88.2664,2015,2015-08-19,25.4
A_berkeleyi,27.0416,88.2664,2015,2015-08-20,45.2
A_berkeleyi,27.0416,88.2664,2015,2015-08-21,27.2
A_berkeleyi,27.0416,88.2664,2015,2015-08-22,19.0
A_berkeleyi,27.0416,88.2664,2015,2015-08-23,18.1
A_berkeleyi,27.0416,88.2664,2015,2015-08-24,15.4
A_berkeleyi,27.0416,88.2664,2015,2015-08-25,10.2
A_berkeleyi,27.0416,88.2664,2015,2015-08-26,30.0
A_berkeleyi,27.0416,88.2664,2016,2016-07-27,20.5
A_berkeleyi,27.0416,88.2664,2016,2016-07-28,13.3
A_berkeleyi,27.0416,88.2664,2016,2016-07-29,31.7
A_berkeleyi,27.0416,88.2664,2016,2016-07-30,25.8
A_berkeleyi,27.0416,88.2664,2016,2016-07-31,10.0
A_berkeleyi,27.0416,88.2664,2016,2016-08-01,1.4
A_berkeleyi,27.0416,88.2664,2016,2016-08-02,2.8
A_berkeleyi,27.0416,88.2664,2016,2016-08-03,3.2
A_berkeleyi,27.0416,88.2664,2016,2016-08-04,6.3
A_berkeleyi,27.0416,88.2664,2016,2016-08-05,8.3
A_berkeleyi,27.0416,88.2664,2016,2016-08-06,10.9
A_berkeleyi,27.0416,88.2664,2016,2016-08-07,15.1
A_berkeleyi,27.0416,88.2664,2016,2016-08-08,3.3
A_berkeleyi,27.0416,88.2664,2016,2016-08-09,5.3
A_berkeleyi,27.0416,88.2664,2016,2016-08-10,9.2
A_berkeleyi,27.0416,88.2664,2016,2016-08-11,24.9
A_berkeleyi,27.0416,88.2664,2016,2016-08-12,4.6
A_berkeleyi,27.0416,88.2664,2016,2016-08-13,7.2
A_berkeleyi,27.0416,88.2664,2016,2016-08-14,8.9
A_berkeleyi,27.0416,88.2664,2016,2016-08-15,5.3
A_berkeleyi,27.0416,88.2664,2016,2016-08-16,8.1
A_berkeleyi,27.0416,88.2664,2016,2016-08-17,13.0
A_berkeleyi,27.0416,88.2664,2016,2016-08-18,18.6
A_berkeleyi,27.0416,88.2664,2016,2016-08-19,3.1
A_berkeleyi,27.0416,88.2664,2016,2016-08-20,3.5
A_berkeleyi,27.0416,88.2664,2016,2016-08-21,6.3
A_berkeleyi,27.0416,88.2664,2016,2016-08-22,32.8
A_berkeleyi,27.0416,88.2664,2016,2016-08-23,5.8
A_berkeleyi,27.0416,88.2664,2016,2016-08-24,5.5
A_berkeleyi,27.0416,88.2664,2016,2016-08-25,1.0
A_berkeleyi,27.0416,88.2664,2016,2016-08-26,1.4
A_berkeleyi,27.0416,88.2664,2017,2017-07-27,4.2
A_berkeleyi,27.0416,88.2664,2017,2017-07-28,4.6
A_berkeleyi,27.0416,88.2664,2017,2017-07-29,9.6
A_berkeleyi,27.0416,88.2664,2017,2017-07-30,16.0
A_berkeleyi,27.0416,88.2664,2017,2017-07-31,8.3
A_berkeleyi,27.0416,88.2664,2017,2017-08-01,7.7
A_berkeleyi,27.0416,88.2664,2017,2017-08-02,25.8
A_berkeleyi,27.0416,88.2664,2017,2017-08-03,7.4
A_berkeleyi,27.0416,88.2664,2017,2017-08-04,26.5
A_berkeleyi,27.0416,88.2664,2017,2017-08-05,5.4
A_berkeleyi,27.0416,88.2664,2017,2017-08-06,3.9
A_berkeleyi,27.0416,88.2664,2017,2017-08-07,10.6
A_berkeleyi,27.0416,88.2664,2017,2017-08-08,23.7
A_berkeleyi,27.0416,88.2664,2017,2017-08-09,45.2
A_berkeleyi,27.0416,88.2664,2017,2017-08-10,104.0
A_berkeleyi,27.0416,88.2664,2017,2017-08-11,139.9
A_berkeleyi,27.0416,88.2664,2017,2017-08-12,123.2
A_berkeleyi,27.0416,88.2664,2017,2017-08-13,138.4
A_berkeleyi,27.0416,88.2664,2017,2017-08-14,5.9
A_berkeleyi,27.0416,88.2664,2017,2017-08-15,3.8
A_berkeleyi,27.0416,88.2664,2017,2017-08-16,51.2
A_berkeleyi,27.0416,88.2664,2017,2017-08-17,12.9
A_berkeleyi,27.0416,88.2664,2017,2017-08-18,7.9
A_berkeleyi,27.0416,88.2664,2017,2017-08-19,17.1
A_berkeleyi,27.0416,88.2664,2017,2017-08-20,2.6
A_berkeleyi,27.0416,88.2664,2017,2017-08-21,5.5
A_berkeleyi,27.0416,88.2664,2017,2017-08-22,6.3
A_berkeleyi,27.0416,88.2664,2017,2017-08-23,1.4
A_berkeleyi,27.0416,88.2664,2017,2017-08-24,1.4
A_berkeleyi,27.0416,88.2664,2017,2017-08-25,3.2
A_berkeleyi,27.0416,88.2664,2017,2017-08-26,1.9
A_berkeleyi,27.0416,88.2664,2018,2018-07-27,4.6
A_berkeleyi,27.0416,88.2664,2018,2018-07-28,22.1
A_berkeleyi,27.0416,88.2664,2018,2018-07-29,36.4
A_berkeleyi,27.0416,88.2664,2018,2018-07-30,13.2
A_berkeleyi,27.0416,88.2664,2018,2018-07-31,22.3
A_berkeleyi,27.0416,88.2664,2018,2018-08-01,69.9
A_berkeleyi,27.0416,88.2664,2018,2018-08-02,19.7
A_berkeleyi,27.0416,88.2664,2018,2018-08-03,13.3
A_berkeleyi,27.0416,88.2664,2018,2018-08-04,13.0
A_berkeleyi,27.0416,88.2664,2018,2018-08-05,7.2
A_berkeleyi,27.0416,88.2664,2018,2018-08-06,11.7
A_berkeleyi,27.0416,88.2664,2018,2018-08-07,7.4
A_berkeleyi,27.0416,88.2664,2018,2018-08-08,4.0
A_berkeleyi,27.0416,88.2664,2018,2018-08-09,5.5
A_berkeleyi,27.0416,88.2664,2018,2018-08-10,27.1
A_berkeleyi,27.0416,88.2664,2018,2018-08-11,16.3
A_berkeleyi,27.0416,88.2664,2018,2018-08-12,36.5
A_berkeleyi,27.0416,88.2664,2018,2018-08-13,27.3
A_berkeleyi,27.0416,88.2664,2018,2018-08-14,5.7
A_berkeleyi,27.0416,88.2664,2018,2018-08-15,4.8
A_berkeleyi,27.0416,88.2664,2018,2018-08-16,1.1
A_berkeleyi,27.0416,88.2664,2018,2018-08-17,2.2
A_berkeleyi,27.0416,88.2664,2018,2018-08-18,1.1
A_berkeleyi,27.0416,88.2664,2018,2018-08-19,3.2
A_berkeleyi,27.0416,88.2664,2018,2018-08-20,9.0
A_berkeleyi,27.0416,88.2664,2018,2018-08-21,16.9
A_berkeleyi,27.0416,88.2664,2018,2018-08-22,23.6
A_berkeleyi,27.0416,88.2664,2018,2018-08-23,9.8
A_berkeleyi,27.0416,88.2664,2018,2018-08-24,134.0
A_berkeleyi,27.0416,88.2664,2018,2018-08-25,12.7
A_berkeleyi,27.0416,88.2664,2018,2018-08-26,3.5
A_berkeleyi,27.0416,88.2664,2019,2019-07-27,17.2
A_berkeleyi,27.0416,88.2664,2019,2019-07-28,8.9
A_berkeleyi,27.0416,88.2664,2019,2019-07-29,6.3
A_berkeleyi,27.0416,88.2664,2019,2019-07-30,2.6
A_berkeleyi,27.0416,88.2664,2019,2019-07-31,2.5
A_berkeleyi,27.0416,88.2664,2019,2019-08-01,10.7
A_berkeleyi,27.0416,88.2664,2019,2019-08-02,3.6
A_berkeleyi,27.0416,88.2664,2019,2019-08-03,3.9
A_berkeleyi,27.0416,88.2664,2019,2019-08-04,4.2
A_berkeleyi,27.0416,88.2664,2019,2019-08-05,4.4
A_berkeleyi,27.0416,88.2664,2019,2019-08-06,3.2
A_berkeleyi,27.0416,88.2664,2019,2019-08-07,44.0
A_berkeleyi,27.0416,88.2664,2019,2019-08-08,42.2
A_berkeleyi,27.0416,88.2664,2019,2019-08-09,16.8
A_berkeleyi,27.0416,88.2664,2019,2019-08-10,1.3
A_berkeleyi,27.0416,88.2664,2019,2019-08-11,10.3
A_berkeleyi,27.0416,88.2664,2019,2019-08-12,0.7
A_berkeleyi,27.0416,88.2664,2019,2019-08-13,9.8
A_berkeleyi,27.0416,88.2664,2019,2019-08-14,21.7
A_berkeleyi,27.0416,88.2664,2019,2019-08-15,3.1
A_berkeleyi,27.0416,88.2664,2019,2019-08-16,43.7
A_berkeleyi,27.0416,88.2664,2019,2019-08-17,13.7
A_berkeleyi,27.0416,88.2664,2019,2019-08-18,3.1
A_berkeleyi,27.0416,88.2664,2019,2019-08-19,13.4
A_berkeleyi,27.0416,88.2664,2019,2019-08-20,4.4
A_berkeleyi,27.0416,88.2664,2019,2019-08-21,21.8
A_berkeleyi,27.0416,88.2664,2019,2019-08-22,1.5
A_berkeleyi,27.0416,88.2664,2019,2019-08-23,4.9
A_berkeleyi,27.0416,88.2664,2019,2019-08-24,3.5
A_berkeleyi,27.0416,88.2664,2019,2019-08-25,7.6
A_berkeleyi,27.0416,88.2664,2019,2019-08-26,0.6
A_berkeleyi,27.0416,88.2664,2020,2020-07-27,27.7
A_berkeleyi,27.0416,88.2664,2020,2020-07-28,58.2
A_berkeleyi,27.0416,88.2664,2020,2020-07-29,9.6
A_berkeleyi,27.0416,88.2664,2020,2020-07-30,8.6
A_berkeleyi,27.0416,88.2664,2020,2020-07-31,36.5
A_berkeleyi,27.0416,88.2664,2020,2020-08-01,22.5
A_berkeleyi,27.0416,88.2664,2020,2020-08-02,9.7
A_berkeleyi,27.0416,88.2664,2020,2020-08-03,1.1
A_berkeleyi,27.0416,88.2664,2020,2020-08-04,3.0
A_berkeleyi,27.0416,88.2664,2020,2020-08-05,27.0
A_berkeleyi,27.0416,88.2664,2020,2020-08-06,25.6
A_berkeleyi,27.0416,88.2664,2020,2020-08-07,5.7
A_berkeleyi,27.0416,88.2664,2020,2020-08-08,8.9
A_berkeleyi,27.0416,88.2664,2020,2020-08-09,120.8
A_berkeleyi,27.0416,88.2664,2020,2020-08-10,24.9
A_berkeleyi,27.0416,88.2664,2020,2020-08-11,16.4
A_berkeleyi,27.0416,88.2664,2020,2020-08-12,118.5
A_berkeleyi,27.0416,88.2664,2020,2020-08-13,14.4
A_berkeleyi,27.0416,88.2664,2020,2020-08-14,6.9
A_berkeleyi,27.0416,88.2664,2020,2020-08-15,10.7
A_berkeleyi,27.0416,88.2664,2020,2020-08-16,13.8
A_berkeleyi,27.0416,88.2664,2020,2020-08-17,6.1
A_berkeleyi,27.0416,88.2664,2020,2020-08-18,4.2
A_berkeleyi,27.0416,88.2664,2020,2020-08-19,4.8
A_berkeleyi,27.0416,88.2664,2020,2020-08-20,35.6
A_berkeleyi,27.0416,88.2664,2020,2020-08-21,11.6
A_berkeleyi,27.0416,88.2664,2020,2020-08-22,2.1
A_berkeleyi,27.0416,88.2664,2020,2020-08-23,2.8
A_berkeleyi,27.0416,88.2664,2020,2020-08-24,2.2
A_berkeleyi,27.0416,88.2664,2020,2020-08-25,2.0
A_berkeleyi,27.0416,88.2664,2020,2020-08-26,10.4
A_berkeleyi,27.0416,88.2664,2021,2021-07-27,41.9
A_berkeleyi,27.0416,88.2664,2021,2021-07-28,17.3
A_berkeleyi,27.0416,88.2664,2021,2021-07-29,15.9
A_berkeleyi,27.0416,88.2664,2021,2021-07-30,29.1
A_berkeleyi,27.0416,88.2664,2021,2021-07-31,22.0
A_berkeleyi,27.0416,88.2664,2021,2021-08-01,3.9
A_berkeleyi,27.0416,88.2664,2021,2021-08-02,9.5
A_berkeleyi,27.0416,88.2664,2021,2021-08-03,2.3
A_berkeleyi,27.0416,88.2664,2021,2021-08-04,3.3
A_berkeleyi,27.0416,88.2664,2021,2021-08-05,1.8
A_berkeleyi,27.0416,88.2664,2021,2021-08-06,1.8
A_berkeleyi,27.0416,88.2664,2021,2021-08-07,10.2
A_berkeleyi,27.0416,88.2664,2021,2021-08-08,49.8
A_berkeleyi,27.0416,88.2664,2021,2021-08-09,8.8
A_berkeleyi,27.0416,88.2664,2021,2021-08-10,3.3
A_berkeleyi,27.0416,88.2664,2021,2021-08-11,8.2
A_berkeleyi,27.0416,88.2664,2021,2021-08-12,23.3
A_berkeleyi,27.0416,88.2664,2021,2021-08-13,38.8
A_berkeleyi,27.0416,88.2664,2021,2021-08-14,4.0
A_berkeleyi,27.0416,88.2664,2021,2021-08-15,31.8
A_berkeleyi,27.0416,88.2664,2021,2021-08-16,52.9
A_berkeleyi,27.0416,88.2664,2021,2021-08-17,21.5
A_berkeleyi,27.0416,88.2664,2021,2021-08-18,23.6
A_berkeleyi,27.0416,88.2664,2021,2021-08-19,35.3
A_berkeleyi,27.0416,88.2664,2021,2021-08-20,37.1
A_berkeleyi,27.0416,88.2664,2021,2021-08-21,69.6
A_berkeleyi,27.0416,88.2664,2021,2021-08-22,6.5
A_berkeleyi,27.0416,88.2664,2021,2021-08-23,11.9
A_berkeleyi,27.0416,88.2664,2021,2021-08-24,5.8
A_berkeleyi,27.0416,88.2664,2021,2021-08-25,38.5
A_berkeleyi,27.0416,88.2664,2021,2021-08-26,163.3
A_berkeleyi,27.0416,88.2664,2022,2022-07-27,6.4
A_berkeleyi,27.0416,88.2664,2022,2022-07-28,2.2
A_berkeleyi,27.0416,88.2664,2022,2022-07-29,17.9
A_berkeleyi,27.0416,88.2664,2022,2022-07-30,4.1
A_berkeleyi,27.0416,88.2664,2022,2022-07-31,17.5
A_berkeleyi,27.0416,88.2664,2022,2022-08-01,43.4
A_berkeleyi,27.0416,88.2664,2022,2022-08-02,17.7
A_berkeleyi,27.0416,88.2664,2022,2022-08-03,7.8
A_berkeleyi,27.0416,88.2664,2022,2022-08-04,1.9
A_berkeleyi,27.0416,88.2664,2022,2022-08-05,7.8
A_berkeleyi,27.0416,88.2664,2022,2022-08-06,16.0
A_berkeleyi,27.0416,88.2664,2022,2022-08-07,0.8
A_berkeleyi,27.0416,88.2664,2022,2022-08-08,1.0
A_berkeleyi,27.0416,88.2664,2022,2022-08-09,4.1
A_berkeleyi,27.0416,88.2664,2022,2022-08-10,9.5
A_berkeleyi,27.0416,88.2664,2022,2022-08-11,3.1
A_berkeleyi,27.0416,88.2664,2022,2022-08-12,0.0
A_berkeleyi,27.0416,88.2664,2022,2022-08-13,8.1
A_berkeleyi,27.0416,88.2664,2022,2022-08-14,24.7
A_berkeleyi,27.0416,88.2664,2022,2022-08-15,5.8
A_berkeleyi,27.0416,88.2664,2022,2022-08-16,1.0
A_berkeleyi,27.0416,88.2664,2022,2022-08-17,7.5
A_berkeleyi,27.0416,88.2664,2022,2022-08-18,1.1
A_berkeleyi,27.0416,88.2664,2022,2022-08-19,10.4
A_berkeleyi,27.0416,88.2664,2022,2022-08-20,6.9
A_berkeleyi,27.0416,88.2664,2022,2022-08-21,1.5
A_berkeleyi,27.0416,88.2664,2022,2022-08-22,1.3
A_berkeleyi,27.0416,88.2664,2022,2022-08-23,2.8
A_berkeleyi,27.0416,88.2664,2022,2022-08-24,4.8
A_berkeleyi,27.0416,88.2664,2022,2022-08-25,1.9
A_berkeleyi,27.0416,88.2664,2022,2022-08-26,3.1
A_berkeleyi,27.0416,88.2664,2023,2023-07-27,6.5
A_berkeleyi,27.0416,88.2664,2023,2023-07-28,12.0
A_berkeleyi,27.0416,88.2664,2023,2023-07-29,3.4
A_berkeleyi,27.0416,88.2664,2023,2023-07-30,16.3
A_berkeleyi,27.0416,88.2664,2023,2023-07-31,9.9
A_berkeleyi,27.0416,88.2664,2023,2023-08-01,4.6
A_berkeleyi,27.0416,88.2664,2023,2023-08-02,30.6
A_berkeleyi,27.0416,88.2664,2023,2023-08-03,7.3
A_berkeleyi,27.0416,88.2664,2023,2023-08-04,20.6
A_berkeleyi,27.0416,88.2664,2023,2023-08-05,12.5
A_berkeleyi,27.0416,88.2664,2023,2023-08-06,3.0
A_berkeleyi,27.0416,88.2664,2023,2023-08-07,26.4
A_berkeleyi,27.0416,88.2664,2023,2023-08-08,13.3
A_berkeleyi,27.0416,88.2664,2023,2023-08-09,20.4
A_berkeleyi,27.0416,88.2664,2023,2023-08-10,5.0
A_berkeleyi,27.0416,88.2664,2023,2023-08-11,7.5
A_berkeleyi,27.0416,88.2664,2023,2023-08-12,8.2
A_berkeleyi,27.0416,88.2664,2023,2023-08-13,104.5
A_berkeleyi,27.0416,88.2664,2023,2023-08-14,17.6
A_berkeleyi,27.0416,88.2664,2023,2023-08-15,7.1
A_berkeleyi,27.0416,88.2664,2023,2023-08-16,33.8
A_berkeleyi,27.0416,88.2664,2023,2023-08-17,9.9
A_berkeleyi,27.0416,88.2664,2023,2023-08-18,2.5
A_berkeleyi,27.0416,88.2664,2023,2023-08-19,2.1
A_berkeleyi,27.0416,88.2664,2023,2023-08-20,13.5
A_berkeleyi,27.0416,88.2664,2023,2023-08-21,13.2
A_berkeleyi,27.0416,88.2664,2023,2023-08-22,15.6
A_berkeleyi,27.0416,88.2664,2023,2023-08-23,69.0
A_berkeleyi,27.0416,88.2664,2023,2023-08-24,128.8
A_berkeleyi,27.0416,88.2664,2023,2023-08-25,152.5
A_berkeleyi,27.0416,88.2664,2023,2023-08-26,12.3
A_berkeleyi,27.0416,88.2664,2024,2024-07-27,10.3
A_berkeleyi,27.0416,88.2664,2024,2024-07-28,10.5
A_berkeleyi,27.0416,88.2664,2024,2024-07-29,3.6
A_berkeleyi,27.0416,88.2664,2024,2024-07-30,8.8
A_berkeleyi,27.0416,88.2664,2024,2024-07-31,4.3
A_berkeleyi,27.0416,88.2664,2024,2024-08-01,15.8
A_berkeleyi,27.0416,88.2664,2024,2024-08-02,37.9
A_berkeleyi,27.0416,88.2664,2024,2024-08-03,34.8
A_berkeleyi,27.0416,88.2664,2024,2024-08-04,2.4
A_berkeleyi,27.0416,88.2664,2024,2024-08-05,27.0
A_berkeleyi,27.0416,88.2664,2024,2024-08-06,85.3
A_berkeleyi,27.0416,88.2664,2024,2024-08-07,23.7
A_berkeleyi,27.0416,88.2664,2024,2024-08-08,41.2
A_berkeleyi,27.0416,88.2664,2024,2024-08-09,40.6
A_berkeleyi,27.0416,88.2664,2024,2024-08-10,18.3
A_berkeleyi,27.0416,88.2664,2024,2024-08-11,13.9
A_berkeleyi,27.0416,88.2664,2024,2024-08-12,35.1
A_berkeleyi,27.0416,88.2664,2024,2024-08-13,8.1
A_berkeleyi,27.0416,88.2664,2024,2024-08-14,0.9
A_berkeleyi,27.0416,88.2664,2024,2024-08-15,3.7
A_berkeleyi,27.0416,88.2664,2024,2024-08-16,0.6
A_berkeleyi,27.0416,88.2664,2024,2024-08-17,2.2
A_berkeleyi,27.0416,88.2664,2024,2024-08-18,1.2
A_berkeleyi,27.0416,88.2664,2024,2024-08-19,1.1
A_berkeleyi,27.0416,88.2664,2024,2024-08-20,10.0
A_berkeleyi,27.0416,88.2664,2024,2024-08-21,3.4
A_berkeleyi,27.0416,88.2664,2024,2024-08-22,8.1
A_berkeleyi,27.0416,88.2664,2024,2024-08-23,14.3
A_berkeleyi,27.0416,88.2664,2024,2024-08-24,1.1
A_berkeleyi,27.0416,88.2664,2024,2024-08-25,1.8
A_berkeleyi,27.0416,88.2664,2024,2024-08-26,4.2
